,0,1,2,3,4,5,6,7,8,9,10,11,12,13,14,15,16,17,18,19,20,21
0,-0.9946524064171123,-0.9962122027332401,-1.0,-0.6451612903225807,-0.9826052579561179,-0.9912966076550291,-0.996214239621424,-0.9992307557824437,-0.8631840227316256,-1.0,-0.1090055654515909,-0.6896825778703553,-0.8418751381543926,-0.8939073720172239,-0.9895712534811901,0.717948717948718,-1.0,0.717948717948718,0.717948717948718,0.717948717948718,0.717948717948718,0.717948717948718
1,-1.0,-1.0,-1.0,-1.0,-1.0,-1.0,-1.0,-1.0,-1.0,-1.0,-1.0,-1.0,-1.0,-1.0,-1.0,-1.0,-1.0,-1.0,-1.0,-1.0,-1.0,-1.0
2,-1.0,-1.0,-1.0,-1.0,-1.0,-1.0,-1.0,-1.0,-1.0,-1.0,-1.0,-1.0,-1.0,-1.0,-1.0,-1.0,-1.0,-1.0,-1.0,-1.0,-1.0,-1.0
3,-0.9197860962566845,-0.9989038344273468,-0.999595878894231,-0.9596774193548387,-0.9972326546748369,-0.9978241519137573,-0.998752419875242,-0.9994929981293379,-0.9523723260496242,-0.9835555095417251,-0.8719798405754812,-0.9338842974767338,-0.9553401205114189,-0.9567312796901585,-0.9920113319490249,0.9147813979392928,0.6539817954454981,0.7142857142857143,0.8142857142857143,1.0,1.0,1.0
4,-0.9893048128342246,-0.999397395889379,-0.9998350432167861,-0.9596774193548387,-0.9976279897212889,-0.9986153693996637,-0.999311679931168,-0.9998426545918635,-0.972001761727785,-0.9941408518623419,-0.8507687672985613,-0.9422607912924693,-0.9676410778396876,-0.9763181971592253,-0.9974783836651744,1.0,0.49513576274973525,1.0,1.0,1.0,1.0,1.0
5,-0.5508021390374331,-0.9987537983018452,-0.9992604304659138,-0.9596774193548387,-0.9972326546748369,-0.9980219562852338,-0.998601849860185,-0.997674784524205,-0.9471142160416606,-0.9758762755264787,-0.8719798405754812,-0.9354142863721671,-0.9534579549773492,-0.9510036979527154,-0.9743989595481827,0.8028638573892608,0.8251840601914374,0.0,0.6798245614035088,0.8588652482269503,1.0,1.0
6,-1.0,-1.0,-1.0,-1.0,-1.0,-1.0,-1.0,-1.0,-1.0,-1.0,-1.0,-1.0,-1.0,-1.0,-1.0,-1.0,-1.0,-1.0,-1.0,-1.0,-1.0,-1.0
7,-0.9946524064171123,-0.9992252232863446,-1.0,-0.9274193548387097,-0.9964419845819332,-0.9982197606567105,-0.999225639922564,-0.9998426545918635,-0.9613584797127981,-1.0,-0.7483526397589464,-0.9123557262674562,-0.9553401205114189,-0.9700358063555882,-0.997054564618676,0.8571428571428571,-1.0,0.8571428571428571,0.8571428571428571,0.8571428571428571,0.8571428571428571,0.8571428571428571
8,-1.0,-1.0,-1.0,-1.0,-1.0,-1.0,-1.0,-1.0,-1.0,-1.0,-1.0,-1.0,-1.0,-1.0,-1.0,-1.0,-1.0,-1.0,-1.0,-1.0,-1.0,-1.0
9,-0.9946524064171123,-0.997761756160551,-1.0,-0.7903225806451613,-0.9897212887922514,-0.9948570863416081,-0.9977629597762959,-0.9995454465987167,-0.9132252187138594,-1.0,-0.43489167910962534,-0.8031828813256348,-0.8997101758397811,-0.9327113340628432,-0.99338562486395,0.8055555555555556,-1.0,0.8055555555555556,0.8055555555555556,0.8055555555555556,0.8055555555555556,0.8055555555555556
10,-0.983957219251337,-0.9952365579827109,-0.99890825704781,-0.7661290322580645,-0.9824075904328919,-0.9881317377114034,-0.9941062594106259,-0.9986538226192765,-0.8819040724062953,-0.9721620422509583,-0.5373078066492404,-0.7894898720165503,-0.8675795995886457,-0.8901823589928756,-0.9871436508866833,0.9120421164451764,0.5528700570375998,0.8740157480314961,0.8924534185702035,0.9108910891089108,0.9310553006520164,0.951219512195122
11,-1.0,-1.0,-1.0,-1.0,-1.0,-1.0,-1.0,-1.0,-1.0,-1.0,-1.0,-1.0,-1.0,-1.0,-1.0,-1.0,-1.0,-1.0,-1.0,-1.0,-1.0,-1.0
12,-0.9946524064171123,-0.99905305068331,-1.0,-0.9112903225806451,-0.9956513144890294,-0.9978241519137573,-0.9990535599053559,-0.9998076889456109,-0.9581014293803077,-1.0,-0.7271415664820265,-0.9049682889000917,-0.9515757894432794,-0.9675101581371185,-0.9968062971794871,1.0,-1.0,1.0,1.0,1.0,1.0,1.0
13,-0.8074866310160428,-0.950146466276887,-0.8573269115722647,-0.9596774193548387,-0.9976279897212889,-0.9967362278706359,-0.997332759733276,-0.6523016136645745,-0.6876421570132438,-0.2607301081725142,-0.8719798405754812,-0.9359552188192293,-0.923760817378301,-0.9221173918804222,-0.3548477047738293,0.76710996735855,0.8803156191928427,0.0,0.65625,0.8284600389863548,1.0,1.0
14,-0.8449197860962567,-0.9475645368965145,-0.8644112083141069,-0.9596774193548387,-0.9972326546748369,-0.997428543170804,-0.997676919767692,-0.7034039056626864,-0.7763404273771612,-0.5643112712062355,-0.8357702720521175,-0.9175794338465717,-0.9424878897942924,-0.9344972372231575,-0.6577617593791242,0.7505657152003204,0.834771751278651,0.0,0.6666666666666666,0.7647058823529411,0.9,1.0
15,-0.9946524064171123,-0.9987087054772409,-1.0,-0.8790322580645161,-0.994069974303222,-0.9970329344278508,-0.99870939987094,-0.9997377576531058,-0.9279976820788527,-1.0,-0.5310952286187645,-0.8366888565885764,-0.9167834283600393,-0.9441664980828842,-0.994511650339686,0.6,-1.0,0.6,0.6,0.6,0.6,0.6
16,-0.8288770053475936,-0.9436672764446358,-0.8570404627747169,-0.9596774193548387,-0.9966396521051591,-0.9962417169419444,-0.9971391697139169,-0.671287959579713,-0.6583872821341903,-0.3608464382535177,-0.8507687672985613,-0.9045201648987831,-0.9235324717399644,-0.9015609195701973,-0.47695321405653046,0.6757526844549664,0.871233463264758,0.0,0.526369168356998,0.6483076049036405,0.9486215538847116,1.0
17,-1.0,-1.0,-1.0,-1.0,-1.0,-1.0,-1.0,-1.0,-1.0,-1.0,-1.0,-1.0,-1.0,-1.0,-1.0,-1.0,-1.0,-1.0,-1.0,-1.0,-1.0,-1.0
18,-0.9893048128342246,-0.9969869794468955,-0.9983116753138248,-0.935483870967742,-0.9915002965012849,-0.9930768469983187,-0.9958270595827059,-0.9989160649661707,-0.9076650857748685,-0.9562036079590279,-0.7633511350053902,-0.8540755851128632,-0.8932840604812178,-0.9066888192681377,-0.9886934954089177,0.7853107344632768,0.5966767278502583,0.7372881355932204,0.7612994350282486,0.7853107344632768,0.8093220338983051,0.8333333333333334
19,-0.9304812834224598,-0.9965366818697282,-0.9976221537326495,-0.9596774193548387,-0.9972326546748369,-0.9978241519137573,-0.997935039793504,-0.9971852654766692,-0.9066933124849157,-0.9460125301143877,-0.8719798405754812,-0.9123557262674562,-0.9489140051528556,-0.94238059492257,-0.9749256144058362,0.8257865538969728,0.8112681129381778,0.3333333333333333,0.8181818181818182,0.8888888888888888,0.96875,1.0
20,-0.9946524064171123,-0.9960400301302055,-1.0,-0.6290322580645161,-0.9818145878632141,-0.990900998912076,-0.9960421596042159,-0.9991957901361912,-0.8998018702293771,-1.0,-0.3474740468164542,-0.7727368838535594,-0.8841961608322308,-0.922302328144961,-0.9923624351636439,0.9041095890410958,-1.0,0.9041095890410958,0.9041095890410958,0.9041095890410958,0.9041095890410958,0.9041095890410958
21,-1.0,-1.0,-1.0,-1.0,-1.0,-1.0,-1.0,-1.0,-1.0,-1.0,-1.0,-1.0,-1.0,-1.0,-1.0,-1.0,-1.0,-1.0,-1.0,-1.0,-1.0,-1.0
22,-0.839572192513369,-0.9984676638329926,-0.9990184661745103,-0.9596774193548387,-0.997133820913224,-0.9980219562852338,-0.99827919982792,-0.9980069581636042,-0.9386868703959149,-0.967823936770967,-0.8507687672985613,-0.9249668712139362,-0.954009228366207,-0.9428270710760852,-0.9757005366312281,0.8231219353150234,0.756533339496442,0.4773413897280967,0.6666666666666666,0.8792270531400965,1.0,1.0
23,-1.0,-1.0,-1.0,-1.0,-1.0,-1.0,-1.0,-1.0,-1.0,-1.0,-1.0,-1.0,-1.0,-1.0,-1.0,-1.0,-1.0,-1.0,-1.0,-1.0,-1.0,-1.0
24,-0.9786096256684492,-0.9988378349295168,-0.9995691264902297,-0.9516129032258065,-0.9976279897212889,-0.9976263475422806,-0.9983222198322219,-0.9995804122449693,-0.9538325428874342,-0.9859123951992401,-0.8357702720521175,-0.9372611457140082,-0.9489140051528556,-0.9513735702092158,-0.9945843661715655,0.919757033248082,0.6346363079650368,0.8260869565217391,0.8462276214833759,0.9264705882352942,1.0,1.0
25,-0.9625668449197861,-0.9973313246529646,-0.9991986895271984,-0.9274193548387097,-0.9928839691638665,-0.9936702601127485,-0.99634329963433,-0.9990384447280547,-0.9095028755436826,-0.9766036581403124,-0.7695637130358662,-0.8592992926919787,-0.9023719601302048,-0.9029003471221514,-0.9893957018381555,0.8190082950176117,0.7422852929774522,0.5072463768115942,0.7574404761904762,0.8571428571428571,0.9268939393939394,1.0
26,-0.17112299465240643,-0.987409184158732,-0.9516296244934221,-0.9596774193548387,-0.9964419845819332,-0.9966373256848976,-0.996945579694558,-0.7568663787828458,-0.8388006403108234,-0.7039180097653798,-0.8719798405754812,-0.914967580057014,-0.9307382058548817,-0.9075817710300131,-0.49713862085853966,0.7728789940502492,0.8252640742164996,0.0,0.6515512048192771,0.8235294117647058,0.9444444444444444,1.0
27,-0.9144385026737968,-0.9944635747336705,-0.9944709216850509,-0.9596774193548387,-0.9976279897212889,-0.9983186628424487,-0.998795439879544,-0.9923600062938163,-0.8736050340913885,-0.8952375255431448,-0.8507687672985613,-0.9320374381348928,-0.9561197392677729,-0.9576559610128529,-0.9548555195026618,0.6387190528147975,0.9837322614165778,0.0,0.4821428571428571,0.6679331306990881,0.9464285714285714,1.0
28,-0.7486631016042781,-0.9974119160841722,-0.9978451851039701,-0.9596774193548387,-0.9972326546748369,-0.9978241519137573,-0.998021079802108,-0.996293641497229,-0.929975761780878,-0.9644450573487837,-0.8719798405754812,-0.9338842974767338,-0.9489140051528556,-0.9414876435241312,-0.9808590810210877,0.8605742087711066,0.7574727437664498,0.2142857142857142,0.75,0.9223300970873788,1.0,1.0
29,-0.8609625668449198,-0.9945864960392024,-0.9950952795313622,-0.9596774193548387,-0.9979244910061277,-0.9968351300563743,-0.9965368896536889,-0.9927271455794682,-0.8728021139355596,-0.906245936446018,-0.8719798405754812,-0.935731156818575,-0.9205477594281788,-0.9086596587838499,-0.9450599174551522,0.7026880471429945,0.9097662894709231,0.0,0.6090909090909091,0.7089947089947091,0.9736842105263158,1.0
30,-0.625668449197861,-0.9859728520699144,-0.9555141915339826,-0.9596774193548387,-0.9972326546748369,-0.9971318366135892,-0.997547859754786,-0.8490008566583331,-0.7662754431795045,-0.4205314027907425,-0.8719798405754812,-0.9288846518982727,-0.9277534940847771,-0.914910320571823,-0.2973111503683864,0.6724095592766595,0.9042489696494014,0.0,0.4914342992527793,0.6666666666666666,0.9486111111111112,1.0
31,-0.9893048128342246,-0.9947056924566878,-0.9965141011883305,-0.9596774193548387,-0.9868551097054754,-0.9878350311541885,-0.9922779092277909,-0.9979370268710991,-0.8720012057687647,-0.9172001137583139,-0.8719798405754812,-0.8325470141693456,-0.8520655843102549,-0.8587386753230118,-0.981985106532549,0.8576923076923078,0.7960370208688874,0.7153846153846154,0.7865384615384615,0.8576923076923078,0.928846153846154,1.0
32,-0.9197860962566845,-0.9979741023709602,-0.9989677965891944,-0.9516129032258065,-0.9960466495354814,-0.9960439125704678,-0.9978059797805979,-0.9982517176873721,-0.9324676116460419,-0.9777961867773729,-0.8357702720521175,-0.9123557262674562,-0.9205477599698598,-0.9418575158714906,-0.9861505812013782,0.8526681515179388,0.6757503554246018,0.5714285714285714,0.8140916808149405,0.8596491228070176,0.931219512195122,1.0
33,-0.41711229946524064,-0.9896475299056111,-0.9781134904123117,-0.9596774193548387,-0.9968373196283851,-0.9962417169419444,-0.9939771993977199,-0.9087396632808266,-0.8242141418767699,-0.7628718461851436,-0.8719798405754812,-0.9249668712139362,-0.9232095437186025,-0.8738291048761784,-0.6607211848138277,0.8268314019609178,0.7530483243957427,0.3132530120481928,0.7181818181818181,0.8495575221238938,1.0,1.0
34,-0.9411764705882353,-0.9880496561439206,-0.9905907726727263,-0.9596774193548387,-0.9958489820122555,-0.990900998912076,-0.9873521187352119,-0.9877270581653526,-0.7980173016822593,-0.8861101738581497,-0.8719798405754812,-0.8908271555896986,-0.8338897847414404,-0.775096755360017,-0.94772331161552,0.6967581342873834,0.8805388129956637,0.0,0.6608307460547829,0.7771428571428571,0.8047853137721791,1.0
35,-0.9144385026737968,-0.9947218336382223,-0.9963622216526486,-0.9516129032258065,-0.9965408183435461,-0.9962417169419444,-0.9928801892880189,-0.9952446721096523,-0.8668831303191736,-0.9343906146782108,-0.8357702720521175,-0.9010505082157552,-0.9224299249622486,-0.8323462888169608,-0.9705118723692686,0.7010450996184627,0.7714463091138728,0.3846153846153846,0.5542792085427135,0.6785714285714286,0.7857142857142857,1.0
36,-0.5240641711229947,-0.9951511165224036,-0.9930223136137076,-0.9596774193548387,-0.9968373196283851,-0.9970329344278508,-0.9965583996558399,-0.9787933355478242,-0.8997923597639376,-0.9179834553683612,-0.8719798405754812,-0.9301905787930517,-0.9398261055038687,-0.9197766802899279,-0.9217799898770194,0.8436141423288483,0.741714011277786,0.3304347826086956,0.7627118644067796,0.8805970149253731,1.0,1.0
37,-0.7005347593582888,-0.9953498024626831,-0.9948042544291396,-0.9596774193548387,-0.9968373196283851,-0.9970329344278508,-0.9971391697139169,-0.9867829857165334,-0.8896898084438079,-0.933404465362178,-0.8719798405754812,-0.9123557262674562,-0.9205477594281788,-0.9073202314136143,-0.9534687507144088,0.7248151056960188,0.8502789388107865,0.1578947368421052,0.5595062638172439,0.7612275449101796,0.9395903010033444,1.0
38,-0.6951871657754011,-0.995845203237298,-0.9943754817325564,-0.9596774193548387,-0.9968373196283851,-0.9972307387993274,-0.9977629597762959,-0.9852095316351684,-0.9046798769803512,-0.9220026193784693,-0.8719798405754812,-0.9249668712139362,-0.9424878897942924,-0.930925430902529,-0.9343917255322648,0.8426814661993649,0.7397069841529278,0.5384615384615384,0.7142857142857143,0.88,1.0,1.0
39,-0.9946524064171123,-0.9946626493059292,-1.0,-0.5,-0.9754892271199842,-0.9877361289684502,-0.9946655194665519,-0.9989160649661707,-0.8349882104134658,-1.0,0.07461561940295769,-0.6257306040722981,-0.8092878700849031,-0.8720432017158641,-0.9874220382694227,0.65625,-1.0,0.65625,0.65625,0.65625,0.65625,0.65625
40,-0.9946524064171123,-0.9981921876681373,-1.0,-0.8306451612903226,-0.9916979640245108,-0.9958461081989911,-0.998193159819316,-0.9996328607143481,-0.9266485671983418,-1.0,-0.5223093114027966,-0.8336288787977102,-0.9152241908473314,-0.9431203399807255,-0.994408814564256,0.7586206896551724,-1.0,0.7586206896551724,0.7586206896551724,0.7586206896551724,0.7586206896551724,0.7586206896551724
41,-0.9946524064171123,-0.9786505972237167,-1.0,1.0,-0.9019569084799368,-0.9509445158738008,-0.9786620778662077,-0.9956642598646829,-0.6928915109605189,-1.0,1.0,-0.30343577895202933,-0.6450598214437753,-0.7618556887248167,-0.9765907706840044,0.7940074906367042,-1.0,0.7940074906367042,0.7940074906367042,0.7940074906367042,0.7940074906367042,0.7940074906367042
42,-0.9946524064171123,-0.9995695684924136,-1.0,-0.9596774193548387,-0.9980233247677407,-0.9990109781426169,-0.99956979995698,-0.9999125858843686,-0.9747818281972804,-1.0,-0.8357702720521175,-0.9428017237395316,-0.9708541355189693,-0.9804448122734705,-0.9980777543189822,0.5,-1.0,0.5,0.5,0.5,0.5,0.5
43,-0.9893048128342246,-0.9916926719035833,-0.9952344721498431,-0.8467741935483871,-0.9771694010674047,-0.9809118781525071,-0.9883630888363089,-0.9969579887760275,-0.8554026434259235,-0.9489837718627631,-0.48609974287943286,-0.7465255375122286,-0.8328818206175904,-0.8624056705986747,-0.9839712460103349,0.8531178489702517,0.7361554559413779,0.7391304347826086,0.7961241418764302,0.8531178489702517,0.9101115560640732,0.9671052631578948
44,-0.8663101604278075,-0.9959746045410524,-0.9964067511150145,-0.9596774193548387,-0.9976279897212889,-0.9980219562852338,-0.9970746397074639,-0.9936362523820347,-0.9106642841685741,-0.9478976133294018,-0.8719798405754812,-0.9428017237395316,-0.946252220862432,-0.9344972372231575,-0.9728491150259482,0.7654015411849244,0.9184188397972317,0.0,0.7156862745098039,0.8333333333333334,1.0,1.0
45,-1.0,-1.0,-1.0,-1.0,-1.0,-1.0,-1.0,-1.0,-1.0,-1.0,-1.0,-1.0,-1.0,-1.0,-1.0,-1.0,-1.0,-1.0,-1.0,-1.0,-1.0,-1.0
46,-0.2727272727272728,-0.9944835138402719,-0.9896522946910967,-0.9596774193548387,-0.9968373196283851,-0.9969340322421125,-0.9972467197246719,-0.9572544974562492,-0.8796529043484944,-0.8592436616493725,-0.8719798405754812,-0.9197431636348208,-0.9347308822905173,-0.9216709161812028,-0.8328528456738631,0.7960431969902447,0.8191133658883238,0.0,0.6666666666666666,0.8550420168067226,1.0,1.0
47,-0.49732620320855614,-0.9972489015983204,-0.9956271166161724,-0.9596774193548387,-0.997133820913224,-0.9976263475422806,-0.998128629812863,-0.9833913180300354,-0.9189275560091766,-0.9245765225603599,-0.8719798405754812,-0.9249668712139362,-0.9424878897942924,-0.9390703281274811,-0.9006389412954909,0.7786521992762325,0.8456737608954034,0.0,0.6027777777777777,0.8467592592592592,1.0,1.0
48,-0.9090909090909091,-0.9873554414771396,-0.985721694664394,-0.9596774193548387,-0.9960466495354814,-0.9956483038275146,-0.9896751989675199,-0.9761883949020087,-0.8058191754175855,-0.8347984054100075,-0.8507687672985613,-0.9049682889000917,-0.9141216440696156,-0.8070635187169741,-0.8999969748248047,0.8022790688893874,0.7608207333336904,0.3509101415775787,0.7407407407407407,0.8666666666666667,0.9049773755656108,1.0
49,-0.786096256684492,-0.9976821263316474,-0.9983040720646148,-0.9596774193548387,-0.9969361533899981,-0.9970329344278508,-0.9977629597762959,-0.9965908494903757,-0.9287213416027779,-0.9671314939126514,-0.8719798405754812,-0.9262727981087151,-0.9398261055038687,-0.9318949857436869,-0.9789882532635101,0.8235900979180955,0.7645428437281598,0.36,0.7377873563218391,0.8448773448773449,1.0,1.0
50,-0.8663101604278075,-0.9976102442698805,-0.9969926072819135,-0.9596774193548387,-0.9972326546748369,-0.9982197606567105,-0.998537319853732,-0.9938285634364237,-0.9287226976818365,-0.9417014387012798,-0.8719798405754812,-0.9301905787930517,-0.9580019048018427,-0.9535293458986077,-0.9570348547651556,0.8356738579506252,0.794284016122384,0.3793103448275862,0.6842105263157895,0.875,1.0,1.0
51,-0.9786096256684492,-0.9892176907349618,-0.9910869599537215,-0.8548387096774194,-0.9914014627396719,-0.995153792898823,-0.9889868788986879,-0.9924124547631952,-0.8583802834726796,-0.9259093459470051,-0.573517375172604,-0.838087591929109,-0.9106802410228378,-0.8856092679068335,-0.9735939173435149,0.8193047644133362,0.7333291784213523,0.5833333333333334,0.794481981981982,0.884045335658239,0.908868118089593,0.9257950530035336
52,-1.0,-1.0,-1.0,-1.0,-1.0,-1.0,-1.0,-1.0,-1.0,-1.0,-1.0,-1.0,-1.0,-1.0,-1.0,-1.0,-1.0,-1.0,-1.0,-1.0,-1.0,-1.0
53,-0.9893048128342246,-0.9972021952006886,-0.9989514898330686,-0.8709677419354839,-0.9904131251235422,-0.9935713579270101,-0.9964938696493869,-0.9991433416668123,-0.9215654181223457,-0.9799956171918552,-0.6459365122193315,-0.8493928099808101,-0.909349348877626,-0.929847543057833,-0.9921868835563343,0.9054834054834054,0.5302238935471403,0.8888888888888888,0.8971861471861471,0.9054834054834054,0.9137806637806638,0.922077922077922
54,-0.4545454545454546,-0.996766699793013,-0.9941486711086789,-0.9596774193548387,-0.9972326546748369,-0.9980219562852338,-0.997935039793504,-0.9769401562964387,-0.9081754452670722,-0.9070191108434893,-0.8719798405754812,-0.9249668712139362,-0.9424878897942924,-0.9346821734876964,-0.8783396075293353,0.7211067950154122,0.8490618126676498,0.1333333333333333,0.565126484254001,0.75,0.93841642228739,1.0
55,-0.9946524064171123,-0.9975895835575164,-1.0,-0.7741935483870968,-0.9889306186993477,-0.9944614775986549,-0.997590879759088,-0.9995104809524642,-0.9164822690463497,-1.0,-0.4561027523865452,-0.8105703186929993,-0.9034745069079206,-0.935236982281313,-0.9936338923031388,0.868421052631579,-1.0,0.868421052631579,0.868421052631579,0.868421052631579,0.868421052631579,0.868421052631579
56,-0.8502673796791445,-0.9955296613426389,-0.9969976453578167,-0.9596774193548387,-0.9962443170587073,-0.996142814756206,-0.995654979565498,-0.9952097064633997,-0.8879296369079073,-0.9439494317929237,-0.8507687672985613,-0.9175794338465717,-0.9269738747867421,-0.8942006409218642,-0.9727036832192881,0.7944011560043434,0.7593160023977668,0.373134328358209,0.6996635610766045,0.8192640692640694,0.9333333333333332,1.0
57,-0.5294117647058824,-0.9618148557565322,-0.8404035876851479,-0.9596774193548387,-0.9969361533899981,-0.9978241519137573,-0.998193159819316,-0.39215720554555145,-0.7295972503478481,-0.2250702384188945,-0.8719798405754812,-0.9301905787930517,-0.9489140051528556,-0.9442748310864223,0.04532444330082974,0.7938957433699628,0.8375947555414589,0.0,0.6446428571428572,0.8551093796823495,1.0,1.0
58,-0.9786096256684492,-0.9870224900462714,-0.9930158470976261,-0.8306451612903226,-0.9916979640245108,-0.9773513994659282,-0.9789847278984728,-0.9938285634364237,-0.7578618252964278,-0.885368395163272,-0.6247254389424115,-0.8425463050605079,-0.7603123864101651,-0.7052507116435714,-0.9621809230673355,0.7631692755100068,0.7329170265972829,0.6637168141592921,0.6753913549342453,0.6944801439403676,0.782258064516129,1.0
59,-0.6203208556149733,-0.9926402274618332,-0.9860922668042482,-0.9596774193548387,-0.997034987151611,-0.9972307387993274,-0.997375779737578,-0.9561355967761674,-0.8736513175409744,-0.857965960314637,-0.8719798405754812,-0.9249668712139362,-0.937164321213445,-0.9211927109211644,-0.8578030979056852,0.7738597925280402,0.8352219438586622,0.0,0.6298076923076923,0.8275862068965517,1.0,1.0
60,-0.6149732620320856,-0.9935662446046606,-0.9935304308154743,-0.9596774193548387,-0.9961454832970943,-0.9963406191276827,-0.9945364594536459,-0.9825696253431003,-0.8737014667315119,-0.9104700488929263,-0.8719798405754812,-0.9084379455831196,-0.9269738747867421,-0.8976192407204912,-0.9197762064004613,0.8234304663768091,0.7840039933555442,0.0,0.7424999999999999,0.8603896103896104,0.9897260273972602,1.0
61,-0.9251336898395722,-0.9947179904997617,-0.9974707597373192,-0.9516129032258065,-0.9930816366870924,-0.9907031945405993,-0.9941492794149279,-0.9966957464291334,-0.8525758133238792,-0.9376795478258554,-0.8357702720521175,-0.8603811575861032,-0.8635869226113291,-0.8302222419615146,-0.9697068301288757,0.779397212377501,0.8369376143306451,0.3289902280130293,0.6265304004980286,0.8634284813120958,0.981132075471698,1.0
62,-0.9946524064171123,-0.9992252232863446,-1.0,-0.9274193548387097,-0.9964419845819332,-0.9982197606567105,-0.999225639922564,-0.9998426545918635,-0.9446780813645096,-1.0,-0.6397239372410938,-0.8745222924910564,-0.9360617749774102,-0.9571011525826728,-0.9957831075149063,0.2727272727272727,-1.0,0.2727272727272727,0.2727272727272727,0.2727272727272727,0.2727272727272727,0.2727272727272727
63,-0.7700534759358288,-0.990252227858428,-0.9895324581694497,-0.9516129032258065,-0.9956513144890294,-0.9956483038275146,-0.9933318993331899,-0.9787583699015717,-0.8169336292630788,-0.8501046459423736,-0.8357702720521175,-0.9060501537942163,-0.9087980754887681,-0.8652060021186103,-0.891641073919117,0.8122302662055123,0.7897559316948538,0.3598466698610446,0.7161910669975187,0.8444444444444444,1.0,1.0
64,-0.9679144385026738,-0.9974174109544819,-0.9987200729961513,-0.935483870967742,-0.9948606443961258,-0.996439521313421,-0.99698859969886,-0.9985314428573926,-0.8999335859475508,-0.952616709290574,-0.7995607035287539,-0.8674517245070598,-0.9277534935430961,-0.9163580801278643,-0.9798358913207815,0.768998353484475,0.7792051933411526,0.5488372093023256,0.6103896103896104,0.7668621700879765,0.9216129032258064,1.0
65,-0.005347593582887722,-0.9916468517753564,-0.969826502108613,-0.9596774193548387,-0.9972326546748369,-0.9976263475422806,-0.997332759733276,-0.834105491354744,-0.8512233412503837,-0.665658159289936,-0.8719798405754812,-0.9288846518982727,-0.9424878897942924,-0.9142023047110499,-0.3529269729870609,0.7501531348160698,0.8583040522432979,0.0,0.593698175787728,0.7947368421052632,1.0,1.0
66,-0.7807486631016043,-0.9841538215231501,-0.9642359506571794,-0.9435483870967742,-0.9960466495354814,-0.9952526950845614,-0.9951817595181759,-0.9066067588594207,-0.7994951870093492,-0.6880724134964489,-0.8207717768056737,-0.9123557262674562,-0.9125624065569077,-0.8989586680907268,-0.7088412208861172,0.8438190356096766,0.7286466215692258,0.4350334338534155,0.75,0.8888888888888888,1.0,1.0
67,-0.5561497326203209,-0.9867375236445621,-0.9769264796518873,-0.9596774193548387,-0.9972326546748369,-0.9970329344278508,-0.9960421596042159,-0.926414797461494,-0.7990163137264202,-0.7368726344202582,-0.8719798405754812,-0.9275787250034939,-0.9296356590771658,-0.8933842927844262,-0.6998558292044448,0.7239174116352683,0.8932590485115974,0.0,0.5790447416661009,0.7647058823529411,1.0,1.0
68,-0.7593582887700535,-0.9903047694202326,-0.9885904672010115,-0.9596774193548387,-0.9948606443961258,-0.9946592819701315,-0.9938911593891159,-0.9722197940523436,-0.8372473879159728,-0.8858029527113418,-0.8507687672985613,-0.8892971661627455,-0.901269413352489,-0.8713034570211452,-0.9088722229831635,0.7377768372071827,0.860502047508395,0.0,0.6551724137931034,0.7796610169491526,0.9151785714285714,1.0
69,0.106951871657754,-0.9934482918159271,-0.9847211650375336,-0.9596774193548387,-0.9972326546748369,-0.9978241519137573,-0.9978059797805979,-0.9317470585150089,-0.8649069381748387,-0.7751366137772073,-0.8719798405754812,-0.9328024325826093,-0.9489140051528556,-0.9289228617351386,-0.6743488024572208,0.7750473160747566,0.8630446324575232,0.0,0.6251155889120663,0.831858407079646,1.0,1.0
70,-0.9411764705882353,-0.9926513602613893,-0.9970435402815836,-0.9596774193548387,-0.9837912630954735,-0.9873405202254969,-0.9896751989675199,-0.9959090193884508,-0.8325476018963589,-0.9471625907851692,-0.8357702720521175,-0.7442690008727859,-0.8130522011530427,-0.8189520142060125,-0.9754221493199393,0.700763698731899,0.7064576780639744,0.5,0.6306818181818181,0.6931818181818182,0.7620925014024809,0.965174129353234
71,-0.679144385026738,-0.9954732953118834,-0.9927952926410301,-0.9596774193548387,-0.9968373196283851,-0.997428543170804,-0.997504839750484,-0.9779191943915103,-0.8919524884361316,-0.9131128415811726,-0.8719798405754812,-0.9136616531622351,-0.9326203713889514,-0.9154651285477073,-0.9133462047282057,0.7154047382544928,0.8392471939982218,0.0,0.5496816051904361,0.7089947089947091,0.9256410256410256,1.0
72,-0.9197860962566845,-0.9941748269306646,-0.9952147959394932,-0.9516129032258065,-0.997034987151611,-0.9954504994560379,-0.994278339427834,-0.9927096627563419,-0.8743151997957899,-0.9320595129388632,-0.8357702720521175,-0.9049682889000917,-0.9163267376250472,-0.8756150080364926,-0.9645181658311909,0.7448610352916609,0.8609828244527171,0.2,0.6535758356134986,0.810880829015544,0.9252136752136751,1.0
73,-0.9679144385026738,-0.9965708956562287,-0.9983671314719164,-0.9193548387096775,-0.9943664755880609,-0.9958461081989911,-0.994321359432136,-0.9983566146261298,-0.8655416626750911,-0.9430289181134283,-0.6909319979586629,-0.877134145217574,-0.8978280103057114,-0.8236017081896188,-0.9797330555453516,0.678435768824785,0.7752824279647084,0.4685990338164251,0.5579710144927537,0.6717171717171717,0.7218234981392876,1.0
74,-0.6042780748663101,-0.9532318717081442,-0.8370529782721017,-0.9596774193548387,-0.9951571456809647,-0.991890020769459,-0.9899978489997849,-0.4305844507771115,-0.7165198312992382,-0.43175089335770966,-0.8719798405754812,-0.8997445813209762,-0.883093614054515,-0.8443879900102684,-0.295018643329651,0.8116814807780844,0.732572894108483,0.3333333333333333,0.7075587876902336,0.8259408602150538,0.9513546798029556,1.0
75,0.6256684491978608,-0.9958667248126774,-0.9940126947917317,-0.9596774193548387,-0.9976279897212889,-0.9978241519137573,-0.9977629597762959,-0.9787408870784454,-0.8794998461290092,-0.8682909281339888,-0.8719798405754812,-0.9359552188192293,-0.9475831130076439,-0.9254276587663701,-0.8154285010394603,0.7455959060033518,0.8813102547139793,0.0,0.5377159248518472,0.8,1.0,1.0
76,-0.8556149732620321,-0.9753474339506837,-0.9720904225004736,-0.9596774193548387,-0.990907293931607,-0.985758085253684,-0.9879113787911379,-0.9457857654854106,-0.7214381325809617,-0.769534293349406,-0.8719798405754812,-0.844076294487461,-0.8429776849321085,-0.814423796638434,-0.8457855649931549,0.7985931537008829,0.7567512586525087,0.3333333333333333,0.6988023991501959,0.875,0.9021999043519848,1.0
77,-0.9358288770053476,-0.9914774561497901,-0.9936131274037395,-0.9596774193548387,-0.9935758054951572,-0.9907031945405993,-0.993783609378361,-0.9914159338449973,-0.8481730670836218,-0.9064619474077322,-0.8507687672985613,-0.875604156322141,-0.8721235488714583,-0.8935692290489651,-0.9505144932265231,0.8792671982772172,0.6995677261172232,0.5081967213114754,0.8532229965156795,0.9061561862066204,0.97,1.0
78,-0.22459893048128343,-0.9839339213423526,-0.9547382922336247,-0.9596774193548387,-0.9960466495354814,-0.9960439125704678,-0.9946655194665519,-0.7902935366002902,-0.8015877777172866,-0.7289187785780888,-0.8719798405754812,-0.8997445813209762,-0.9050337444206286,-0.8756150083999292,-0.6808889477956913,0.7134622610545963,0.8349673606357094,0.0,0.5477178423236515,0.75,0.8888888888888888,1.0
79,0.9999999999999998,-0.9945404251719567,-0.989658891711793,-0.9596774193548387,-0.9972326546748369,-0.9976263475422806,-0.9977844697784469,-0.9544572457560446,-0.8596595165222053,-0.7992712435122333,-0.8719798405754812,-0.9301905787930517,-0.9424878897942924,-0.9247196436324702,-0.6645884885144311,0.7288483399959373,0.8768801880321903,0.0,0.5317708333333333,0.75,1.0,1.0
80,-0.8074866310160428,-0.9918815835096907,-0.9850400179770012,-0.9596774193548387,-0.9973314884364499,-0.9971318366135892,-0.9964078296407829,-0.9635308309585832,-0.823607500218633,-0.7938004357611068,-0.8719798405754812,-0.9262727981087151,-0.9379439402406394,-0.8827137471592861,-0.8271925985659838,0.620168084787199,0.9648499113463336,0.0,0.3428120063191153,0.5799888517279822,0.9111111111111112,1.0
81,-1.0,-1.0,-1.0,-1.0,-1.0,-1.0,-1.0,-1.0,-1.0,-1.0,-1.0,-1.0,-1.0,-1.0,-1.0,-1.0,-1.0,-1.0,-1.0,-1.0,-1.0,-1.0
82,-0.8128342245989305,-0.9795803292801033,-0.976372989927599,-0.9596774193548387,-0.9950583119193517,-0.993868064484225,-0.9929877392987739,-0.9651742163324534,-0.7691847762580466,-0.793321989666385,-0.8507687672985613,-0.8971327275314186,-0.8932840604812178,-0.8802964319443544,-0.8802956272779223,0.853593149580986,0.7013382176827918,0.4780378748027354,0.7475636868920796,0.9055374592833876,0.9675324675324676,1.0
83,-0.8823529411764706,-0.9888557369672187,-0.9879434850482418,-0.9596774193548387,-0.9965408183435461,-0.9949559885273465,-0.9909227790922779,-0.9772898127589643,-0.793508382149776,-0.8047804046671772,-0.8507687672985613,-0.9147435180563597,-0.909349348877626,-0.8495924934235053,-0.8663345503829571,0.7337340910555085,0.9310049238286386,0.0,0.7188552188552189,0.7964143426294821,0.9035714285714286,1.0
84,-0.518716577540107,-0.992430144553248,-0.9888902088150403,-0.9596774193548387,-0.9964419845819332,-0.9960439125704678,-0.9952677995267799,-0.9663280826587877,-0.8509281411728814,-0.852865105350735,-0.8719798405754812,-0.911814793820394,-0.9203194140606827,-0.8915983894423937,-0.8292265021647187,0.7547068854921074,0.8225280677781164,0.0,0.6117176128093159,0.7997429305912597,0.9035714285714286,1.0
85,-0.39572192513368987,-0.9944600036758089,-0.9940704608113616,-0.9596774193548387,-0.9964419845819332,-0.9966373256848976,-0.995525919552592,-0.9837234916694347,-0.881532084758783,-0.9176469541616246,-0.8719798405754812,-0.9197431636348208,-0.9307382058548817,-0.8928612135516286,-0.9360745258092049,0.8158081412559247,0.7760881038410112,0.0,0.736,0.8545454545454545,1.0,1.0
86,-0.28342245989304815,-0.9883031843901122,-0.957098661861194,-0.9596774193548387,-0.9976279897212889,-0.9980219562852338,-0.998150139815014,-0.8000314690816273,-0.8413117857031377,-0.6070986749986573,-0.8719798405754812,-0.9375780161604161,-0.9507961706869255,-0.9388087886019415,-0.3543137420253909,0.7830464733266395,0.8740307179140032,0.0,0.6035818446955887,0.8571428571428571,1.0,1.0
87,-0.839572192513369,-0.9751468847519639,-0.9612259662342483,-0.9596774193548387,-0.997133820913224,-0.9972307387993274,-0.995525919552592,-0.9198412559660134,-0.768701824626132,-0.7736665084138994,-0.8507687672985613,-0.9288846518982727,-0.9333999901453054,-0.8751685325189915,-0.8488727779856695,0.7544095411252967,0.8076119110915371,0.2692307692307692,0.6015350877192982,0.7573529411764706,1.0,1.0
88,-0.6898395721925135,-0.9926396212202733,-0.9877515472567542,-0.9596774193548387,-0.9976279897212889,-0.9981208584709722,-0.997526349752635,-0.9648420426930541,-0.8736024792778196,-0.8620462107996607,-0.8719798405754812,-0.9375780161604161,-0.9507961706869255,-0.9169894921824818,-0.8639973079406292,0.721777259392802,0.9446884202693266,0.0,0.6022727272727273,0.75,1.0,1.0
89,-0.9037433155080214,-0.9969774143022825,-0.9980639002873625,-0.9596774193548387,-0.9975291559596758,-0.9980219562852338,-0.996386319638632,-0.9976398188779524,-0.8835363642049436,-0.9315559269748507,-0.8507687672985613,-0.9414957968447527,-0.9451496740847162,-0.8881797899163443,-0.9708754514929407,0.658120932989937,0.8857295193350632,0.25,0.4377118644067796,0.6068181818181818,0.8825757575757576,1.0
90,-0.7647058823529411,-0.9964254619801806,-0.9967624896040644,-0.9596774193548387,-0.9968373196283851,-0.9970329344278508,-0.9970961497096149,-0.993723666497666,-0.9029424374520154,-0.9354436521470231,-0.8719798405754812,-0.9194262931884127,-0.9264226013978842,-0.9239032950407364,-0.9518461902888444,0.7824299970954468,0.8094057054094639,0.3333333333333333,0.6119439071566731,0.8374587458745875,1.0,1.0
91,0.09090909090909083,-0.9888197525862814,-0.9734164895223838,-0.9596774193548387,-0.9964419845819332,-0.9968351300563743,-0.9957840395784039,-0.8668333362471372,-0.8260265316333616,-0.7318926385888254,-0.8719798405754812,-0.9228031414256871,-0.9256429826415302,-0.8968028924013348,-0.512083319997036,0.7489343600410368,0.8347966183344097,0.0,0.5918205889950917,0.7808689024390244,0.97,1.0
92,-0.5828877005347594,-0.9971094868759778,-0.9967127840067423,-0.9596774193548387,-0.9967384858667722,-0.9978241519137573,-0.9984512798451279,-0.9901746534030315,-0.9061922278604401,-0.9251195581005098,-0.8507687672985613,-0.9214972145309083,-0.9483627320348383,-0.9400398829686392,-0.931382396389898,0.7726665279082338,0.858469630602067,0.0,0.5471506105834464,0.8571428571428571,1.0,1.0
93,-0.5614973262032086,-0.9087642678858726,-0.7411987775450518,-0.9596774193548387,-0.9976279897212889,-0.9971318366135892,-0.9947300494730049,-0.12335879997902066,-0.5639518936166263,-0.062304128357231314,-0.8719798405754812,-0.9301905787930517,-0.9384952133586568,-0.8869038218494648,0.07526285561896451,0.8006366665906489,0.7893095243104526,0.0,0.6666666666666666,0.8559907834101382,1.0,1.0
94,-0.5240641711229947,-0.9628087832209092,-0.9240141614485256,-0.9596774193548387,-0.9964419845819332,-0.9968351300563743,-0.9960421596042159,-0.7489991083760206,-0.6537605138363078,-0.4691393815501519,-0.8719798405754812,-0.9123557262674562,-0.9318407526325975,-0.9025304744113553,-0.43029052319628536,0.7090922603076969,0.8713691830750796,0.0,0.5220444791260241,0.75,0.9166666666666666,1.0
95,-0.8021390374331551,-0.993075869369854,-0.9957924516279707,-0.9596774193548387,-0.9936746392567701,-0.9924834338838888,-0.9903635190363519,-0.9931816989807514,-0.8374717734765619,-0.9117383472481968,-0.8719798405754812,-0.8692985838489009,-0.8724464774345011,-0.8573226444191979,-0.9468756735225233,0.7655406466429984,0.7779561560283708,0.3448275862068966,0.6405228758169934,0.8,0.8955223880597015,1.0
96,-0.9786096256684492,0.01349402776283215,0.012797005142789142,-0.9032258064516129,-0.9943664755880609,-0.9950548907130847,0.013873951387395111,-0.17778282837112536,0.06249508420975103,0.05113548374725441,-0.7121430712355827,-0.8690745218482466,-0.909349348877626,-0.16003846557857326,-0.6913733914470952,0.9103742481607217,0.6451206250154755,0.8035714285714286,0.8355082417582418,0.9189627820357288,0.9938287884382088,1.0
97,-0.9893048128342246,-0.9979339287635854,-0.9988600877588909,-0.9516129032258065,-0.994069974303222,-0.9952526950845614,-0.9971606797160679,-0.9992657214286963,-0.9229145332371987,-0.9658503826959848,-0.778349630251834,-0.873981359246714,-0.9109085866611745,-0.9235334227842361,-0.9908427106206852,0.6025641025641026,0.7120015343671422,0.5,0.5512820512820513,0.6025641025641026,0.6538461538461539,0.7051282051282052
98,-0.6898395721925135,-0.9928919431385136,-0.992975048996061,-0.9596774193548387,-0.9967384858667722,-0.9966373256848976,-0.993697569369757,-0.9859612930295985,-0.8601638521500188,-0.8957185805763184,-0.8719798405754812,-0.9249668712139362,-0.9210990328170368,-0.8889961381446414,-0.9195705348496014,0.7917590247840236,0.8251687517607234,0.0,0.6282853654795781,0.8819444444444444,1.0,1.0
99,-0.8074866310160428,-0.9941054796322202,-0.9882900023615382,-0.9596774193548387,-0.9976279897212889,-0.9982197606567105,-0.99806409980641,-0.9715904124197975,-0.8798780605834025,-0.8365548656552366,-0.8719798405754812,-0.9428017237395316,-0.9566710126566308,-0.942488927926108,-0.8621742437681216,0.8054216820222307,0.8117799669302199,0.3407473309608541,0.6960526315789474,0.8838383838383839,1.0,1.0
100,-0.5561497326203209,-0.9969600126536491,-0.9956999255169107,-0.9596774193548387,-0.9972326546748369,-0.9980219562852338,-0.99763389976339,-0.9850347034039056,-0.9064101724709388,-0.9113217880973983,-0.8719798405754812,-0.9375780161604161,-0.9515757894432794,-0.9214093765648039,-0.8978228076520298,0.797099404549651,0.863582323129749,0.0,0.6559462550028587,0.8571428571428571,1.0,1.0
101,-0.4866310160427808,-0.9945568348936475,-0.9946983546824688,-0.9596774193548387,-0.9964419845819332,-0.9968351300563743,-0.9959346095934609,-0.9878844035734891,-0.8680870610900561,-0.9081621229805363,-0.8719798405754812,-0.9123557262674562,-0.9288560403208119,-0.9052410589852231,-0.940591103549752,0.7258828803187019,0.8698904347450573,0.0,0.5704633204633205,0.7819293478260869,0.9088541666666666,1.0
102,-0.5775401069518717,-0.9140008744842654,-0.658947320537429,-0.9596774193548387,-0.9962443170587073,-0.9946592819701315,-0.993719079371908,0.23086067938250676,-0.6896327435768769,-0.29351743174952705,-0.8719798405754812,-0.9160494449511385,-0.9114598597791919,-0.8768778321457275,-0.10459218726074737,0.7619561342617357,0.8664249773352596,0.0,0.6794871794871795,0.8333333333333334,0.943215972520395,1.0
103,-0.8716577540106952,-0.9952867749919294,-0.9975143219555173,-0.9596774193548387,-0.9960466495354814,-0.9934724557412719,-0.9923424392342439,-0.9969929544222801,-0.8539484078417463,-0.9285765265451873,-0.8719798405754812,-0.9015914406628174,-0.8946149528972702,-0.8135308452399952,-0.9644454500350367,0.726609534569545,0.8212962017659134,0.3753894080996884,0.5282306163021868,0.7274509803921568,0.9575471698113208,1.0
104,-0.5401069518716578,-0.9889529253076209,-0.9859783405809995,-0.9596774193548387,-0.9955524807274165,-0.9942636732271782,-0.9921488492148849,-0.9605937166733683,-0.8244960928311387,-0.8460715453473553,-0.8719798405754812,-0.9049682889000917,-0.91012896763398,-0.8707037743456285,-0.872666884405227,0.8301401676347371,0.7761416223556341,0.0,0.7437613430127041,0.8888339920948616,0.9693689745836984,1.0
105,-0.6898395721925135,-0.9932926897145422,-0.9913944817047846,-0.9596774193548387,-0.9972326546748369,-0.9978241519137573,-0.99698859969886,-0.981101068200493,-0.8243456135824114,-0.8103663060755948,-0.8719798405754812,-0.9301905787930517,-0.9430391631831503,-0.9021923316248148,-0.8534620714509201,0.7192344488355933,0.88533166050009,0.0,0.5222360028348689,0.7877551020408163,1.0,1.0
106,-0.8021390374331551,-0.9955840053978438,-0.9946727813043266,-0.9596774193548387,-0.9968373196283851,-0.997428543170804,-0.998193159819316,-0.9877270581653526,-0.8915172809892841,-0.9031051228790906,-0.8357702720521175,-0.9249668712139362,-0.946252220862432,-0.9301856858443736,-0.9229787313632613,0.7991393517498451,0.8960889801520683,0.0,0.7307692307692307,0.875,1.0,1.0
107,-0.946524064171123,-0.9934832669751426,-0.9939768515783162,-0.9596774193548387,-0.997034987151611,-0.9970329344278508,-0.9965153796515379,-0.9923425234706901,-0.8646940034703039,-0.9024856208263216,-0.8145591987751977,-0.9047442268994373,-0.9283047672027945,-0.9215625830868055,-0.9538624498173567,0.6301899455321613,0.897072274671272,0.1,0.5,0.7005347593582887,0.8410384068278804,0.926829268292683
108,-0.1069518716577541,-0.9848931428008075,-0.9511965059594146,-0.9596774193548387,-0.9972326546748369,-0.9968351300563743,-0.996300279630028,-0.7758527246979843,-0.7984417118715135,-0.6075672746118713,-0.8719798405754812,-0.9238850063198116,-0.9296356590771658,-0.8964330198722571,-0.49957655948958324,0.7537198420926069,0.8657304344495238,0.0,0.6076923076923078,0.803921568627451,1.0,1.0
109,-0.8449197860962567,-0.6583650281821318,-0.08484111389828719,-0.9596774193548387,-0.9972326546748369,-0.9976263475422806,-0.9966444396644439,1.0,-0.43255849988736794,0.41942349207427543,-0.8357702720521175,-0.9249668712139362,-0.9424878897942924,-0.9197766799264913,0.10927513206912787,0.7204318588711192,1.0,0.0,0.6455696202531646,0.8383838383838383,1.0,1.0
110,-0.2139037433155081,-0.9807658606324269,-0.9100851782723118,-0.9596774193548387,-0.9968373196283851,-0.9972307387993274,-0.99698859969886,-0.5577719890207871,-0.7569386362328081,-0.16920872667537912,-0.8719798405754812,-0.9175794338465717,-0.9360617744357291,-0.9115234498797193,0.4522621910643494,0.7469020672832326,0.8319197747519832,0.0,0.6026315789473684,0.7857142857142857,0.9215384615384616,1.0
111,-0.8609625668449198,-0.9857792051916662,-0.9895393141323997,-0.9596774193548387,-0.9891282862225736,-0.9889229551973098,-0.9841901484190149,-0.9803143411598104,-0.778948747707283,-0.8827971744772937,-0.8719798405754812,-0.8086306509054045,-0.8285662161605929,-0.7817172887684763,-0.9190137600483973,0.8068164541017736,0.6636733267507621,0.5613299804414641,0.7488174972565936,0.8183812698843289,0.8831924801655743,1.0
112,-0.6684491978609626,-0.9583134027346285,-0.8651503865865926,-0.9596774193548387,-0.9972326546748369,-0.9973296409850657,-0.997289739728974,-0.5699924823860557,-0.7361565814079735,-0.5132609926948466,-0.8719798405754812,-0.935731156818575,-0.9411569976490806,-0.9405946917622557,-0.5028362958722048,0.807202091851514,0.8782223823631661,0.0,0.6263778238568155,0.9343915343915344,1.0,1.0
113,0.15508021390374327,-0.9949248936874031,-0.9917260112935314,-0.9596774193548387,-0.9965408183435461,-0.9970329344278508,-0.9966444396644439,-0.9566950471162083,-0.8791014034843335,-0.8844515659638372,-0.8719798405754812,-0.9205081580825374,-0.9269738747867421,-0.9112619101724614,-0.8076242067023566,0.7709059441788116,0.8347382377351432,0.0,0.6060606060606061,0.8181818181818182,1.0,1.0
114,-0.9037433155080214,-0.9930939655893922,-0.9965541011327332,-0.9596774193548387,-0.9927851354022534,-0.9904064879833844,-0.9898687889868789,-0.9956992255109355,-0.8517692795175364,-0.9371195436731051,-0.8507687672985613,-0.8527696582180844,-0.8804318300349318,-0.8434501651842252,-0.966770216639762,0.80637798182578,0.7502122564702762,0.3333333333333333,0.7089343624335193,0.85,0.925595238095238,1.0
115,-0.12834224598930488,-0.9894916617098826,-0.978309866392764,-0.9596774193548387,-0.9968373196283851,-0.9966373256848976,-0.9965583996558399,-0.9200160841972762,-0.8433691910565968,-0.797837481452942,-0.8719798405754812,-0.9201912876361293,-0.9307382058548817,-0.9194068073974135,-0.7807730068765824,0.7800222072488062,0.8311192088602766,0.0,0.664319248826291,0.8301886792452831,0.9730989956958394,1.0
116,-0.5935828877005348,-0.9968476555641768,-0.9959572677532557,-0.9596774193548387,-0.9968373196283851,-0.9976263475422806,-0.9977199397719939,-0.9875871955803422,-0.8947201361047215,-0.8873659134664319,-0.8719798405754812,-0.9181203662936339,-0.946252220862432,-0.9283997829566367,-0.8758694093323016,0.7665467864985678,0.8876479100895751,0.0,0.5909212880143113,0.8416666666666667,1.0,1.0
117,-0.2139037433155081,-0.9931985965590368,-0.9802342199955554,-0.9596774193548387,-0.9972326546748369,-0.9978241519137573,-0.997676919767692,-0.9062046539275161,-0.8476728607633468,-0.6648132908321136,-0.8719798405754812,-0.9301905787930517,-0.9451496740847162,-0.9246113101746363,-0.4337890793976956,0.7369376902477802,0.8422964272280642,0.0,0.5693923480870218,0.7692307692307693,1.0,1.0
118,-0.6844919786096257,-0.9959568620084007,-0.9970303946086828,-0.9596774193548387,-0.9968373196283851,-0.9966373256848976,-0.995009679500968,-0.9930418363957412,-0.8648094366849726,-0.916216626380095,-0.8357702720521175,-0.914967580057014,-0.9114598597791919,-0.872196408419584,-0.9317210236240131,0.6543305020042108,0.8783880354777476,0.0,0.4634857895727461,0.6481481481481481,0.8516483516483516,1.0
119,-0.8877005347593583,-0.9961507125178706,-0.9977276202921546,-0.9596774193548387,-0.9928839691638665,-0.9946592819701315,-0.9964723596472359,-0.9970279200685327,-0.8820435820967046,-0.9535299215030937,-0.8719798405754812,-0.8336288787977102,-0.8895197294130783,-0.8996984131488823,-0.9706573040330276,0.6599072188761035,0.8360526398604926,0.0,0.532150776053215,0.7131782945736435,0.7903225806451613,1.0
120,-0.625668449197861,-0.9949971560775391,-0.9927028784901675,-0.9596774193548387,-0.9976279897212889,-0.9980219562852338,-0.9977414497741449,-0.9784087134390461,-0.8768817038311151,-0.8527181307620686,-0.8719798405754812,-0.9341083594773882,-0.9502448972980676,-0.9288462584741378,-0.8436238739795101,0.7345344000186304,0.8699840365586844,0.0,0.5677083333333334,0.758495145631068,1.0,1.0
121,-0.6042780748663101,-0.9935563239985924,-0.9891785708378781,-0.9596774193548387,-0.9964419845819332,-0.9968351300563743,-0.996321789632179,-0.9643700064686446,-0.8766867739020179,-0.888887325797122,-0.8719798405754812,-0.914967580057014,-0.9275251481756001,-0.9143106374420105,-0.8845036977636299,0.7439640437977123,0.8524335103743448,0.0,0.6320638820638821,0.7862580890749904,0.9316176470588236,1.0
122,-0.6363636363636365,-0.9954766712452763,-0.9949034560191307,-0.9596774193548387,-0.9969361533899981,-0.9973296409850657,-0.997289739728974,-0.9887060962604242,-0.8723050283861522,-0.8865201319827786,-0.8719798405754812,-0.9233440738727494,-0.9347308822905173,-0.9219324558884607,-0.9079518690225621,0.7261445102207142,0.8938051280759078,0.0,0.5677092589301581,0.791304347826087,0.9732142857142856,1.0
123,-0.7112299465240641,-0.9964704616377918,-0.9926027781289328,-0.9596774193548387,-0.997133820913224,-0.9979230540994956,-0.998816949881695,-0.9779716428608891,-0.8966508164063584,-0.8153627748599404,-0.8719798405754812,-0.9288846518982727,-0.954009228366207,-0.9591803246476274,-0.8037495955396716,0.8596683669717676,0.8107035134217458,0.0,0.8021276595744681,0.9291666666666668,1.0,1.0
124,-0.47058823529411764,-0.9978713205443002,-0.9980117698541053,-0.9596774193548387,-0.9976279897212889,-0.9982197606567105,-0.998236179823618,-0.9952621549327785,-0.9160111894227103,-0.9444813140954452,-0.8719798405754812,-0.9301905787930517,-0.946252220862432,-0.9262440069946672,-0.9591965457073498,0.5903930673366706,0.9437110102136286,0.0,0.3967741935483871,0.5695364238410596,0.873015873015873,1.0
125,-0.8556149732620321,-0.9972356732068343,-0.9985778930227314,-0.9596774193548387,-0.994069974303222,-0.9948570863416081,-0.997031619703162,-0.997115334184164,-0.9122626780600649,-0.9698781334894794,-0.8719798405754812,-0.8692985838489009,-0.9076955292527333,-0.9231952797251182,-0.9806835294137782,0.796955805711209,0.7314422219573055,0.4622641509433962,0.6887934400624756,0.825,0.927391304347826,1.0
126,-0.5508021390374331,-0.9816830896783549,-0.9400386387783233,-0.9596774193548387,-0.9964419845819332,-0.9968351300563743,-0.997547859754786,-0.7784926309900523,-0.8289686301940791,-0.7035326420050505,-0.8719798405754812,-0.9197431636348208,-0.9360617744357291,-0.938177376547324,-0.6303839049457733,0.8310525943416416,0.7891073648814984,0.0,0.6978818998716303,0.8888888888888888,1.0,1.0
127,-0.7754010695187166,-0.9686092450538808,-0.9099397104952176,-0.9596774193548387,-0.9960466495354814,-0.9970329344278508,-0.9977199397719939,-0.7629329184076644,-0.7672471807332337,-0.512810167535648,-0.8719798405754812,-0.9123557262674562,-0.9411569976490806,-0.9282914496805212,-0.5428788179213921,0.8003127150148256,0.8551319576812729,0.0,0.735,0.8815701929474384,0.9870689655172412,1.0
128,-0.47058823529411764,-0.9910513724352097,-0.9892191954329811,-0.9596774193548387,-0.9964419845819332,-0.996439521313421,-0.9953108195310819,-0.9683036416720572,-0.8401217361612687,-0.8601941073708909,-0.8719798405754812,-0.9123557262674562,-0.9269738747867421,-0.8856541416070154,-0.8521002545879495,0.7409201651748157,0.789357342830571,0.0,0.6096824469121371,0.75,0.889272030651341,1.0
129,-0.46524064171123003,-0.9488810932960292,-0.8497994376997697,-0.9596774193548387,-0.9968373196283851,-0.9963406191276827,-0.995074209507421,-0.492089022535359,-0.648801176383064,-0.2663062665027248,-0.8719798405754812,-0.9188853607413505,-0.9296356593480064,-0.8885496621728446,-0.23311094274024435,0.7590698432101647,0.8586797579717151,0.0,0.609631191321082,0.8523809523809524,0.95875,1.0
130,-0.6310160427807487,-0.9876921541381467,-0.9849077122032869,-0.9596774193548387,-0.994069974303222,-0.9924834338838888,-0.9907076790707678,-0.957621636741901,-0.8062667873293508,-0.8169235565215109,-0.8719798405754812,-0.8745222914280164,-0.8793292829863755,-0.8296674337130528,-0.8003590430605091,0.7858204428822375,0.7870541176455098,0.0,0.6923076923076923,0.8125,0.9192546583850932,1.0
131,-0.6951871657754011,-0.9307488564303258,-0.753565513992186,-0.9596774193548387,-0.9964419845819332,-0.9960439125704678,-0.995095719509572,-0.244444832951625,-0.583955673909951,0.2381837137207079,-0.8719798405754812,-0.9123557262674562,-0.9243120904963184,-0.905056122629825,0.35676781058233065,0.7509037186132469,0.875483626528499,0.0,0.5806451612903226,0.8571428571428571,0.9209302325581395,1.0
132,-0.983957219251337,-0.9703289214103805,-0.9766592694677056,-0.7741935483870968,-0.9871516109903143,-0.9926812382553654,-0.9567218756721876,-0.9830591443906361,-0.6382987064773364,-0.761322137625818,-0.3986821105862617,-0.767513176274444,-0.8697846926023963,-0.6150834474088701,-0.9329145968419098,0.6777834268807931,0.5795932571665654,0.6125617501764291,0.6611195847656339,0.7096774193548387,0.7103942652329749,0.7111111111111111
133,-0.44919786096256686,-0.9931013948279266,-0.9922919788989014,-0.9596774193548387,-0.997034987151611,-0.9960439125704678,-0.9933749193374919,-0.9756988758544729,-0.8703673347840581,-0.9119281892527358,-0.8719798405754812,-0.9249668712139362,-0.9216503062058946,-0.869887426571627,-0.9316607836654616,0.8250725692189296,0.750492310238601,0.1818181818181818,0.7364379084967321,0.8333333333333334,1.0,1.0
134,-0.7058823529411764,-0.9973501071187502,-0.9979789803763166,-0.9596774193548387,-0.9972326546748369,-0.9976263475422806,-0.99677349967735,-0.9950698438783895,-0.9112273712231657,-0.954526303964954,-0.8719798405754812,-0.921273152530254,-0.9360617744357291,-0.9068420259718576,-0.9690347436074631,0.7437759529746597,0.8161797678896634,0.1428571428571428,0.5922535211267606,0.7692307692307693,1.0,1.0
135,-0.7486631016042781,-0.9968770820407032,-0.9973440357331657,-0.9596774193548387,-0.9968373196283851,-0.9972307387993274,-0.9971606797160679,-0.9941432542526967,-0.9119639081427848,-0.9523063312254715,-0.8719798405754812,-0.914967580057014,-0.9451496740847162,-0.9102606255887662,-0.969313130918752,0.8197618638258374,0.7663616558792248,0.3793103448275862,0.6971748400852879,0.8709677419354839,1.0,1.0
136,-0.5668449197860963,-0.9213309367332108,-0.7599339139126816,-0.9596774193548387,-0.9968373196283851,-0.9966373256848976,-0.9958700795870079,-0.20386720047553275,-0.520485622390845,0.16113365190123008,-0.8719798405754812,-0.9123557262674562,-0.9269738747867421,-0.905056122629825,0.09441562549324556,0.7705756362835263,0.8294913403211437,0.0,0.6298932384341637,0.8444444444444444,0.95,1.0
137,-0.7807486631016043,-0.9800678716999157,-0.9513275463227268,-0.9596774193548387,-0.9956513144890294,-0.9972307387993274,-0.996816519681652,-0.8733019808038602,-0.7447866915884285,-0.551082321385745,-0.8719798405754812,-0.9071320186883408,-0.9216503062058946,-0.8860240143178114,-0.5854840379779569,0.7403308586230484,0.8268207739930409,0.0,0.6177777777777778,0.75,0.9333333333333332,1.0
138,-0.5828877005347594,-0.9944904767028946,-0.9920719442381014,-0.9596774193548387,-0.9972326546748369,-0.9976263475422806,-0.9972252097225209,-0.978216402384657,-0.8472112457491987,-0.8224126707916665,-0.8719798405754812,-0.9249668712139362,-0.9475831130076439,-0.8995900802362033,-0.8217608348831038,0.7607462551610708,0.8956817177793648,0.0,0.5034615384615384,0.8564102564102565,1.0,1.0
139,-0.43850267379679153,-0.9961359548661819,-0.9948794130627588,-0.9596774193548387,-0.9968373196283851,-0.997428543170804,-0.9978489997848999,-0.9827094879281106,-0.8796522282190008,-0.8692803464644914,-0.8719798405754812,-0.9249668712139362,-0.9424878897942924,-0.922302328144961,-0.8430245030399002,0.7507735733566305,0.8906343840140789,0.0,0.5581395348837209,0.8275862068965517,1.0,1.0
140,-0.36363636363636365,-0.9923086591787258,-0.9913650692653041,-0.9596774193548387,-0.9956513144890294,-0.9960439125704678,-0.9946655194665519,-0.9780940226227731,-0.8523538652572735,-0.8756648945448233,-0.8719798405754812,-0.902356435110534,-0.9232095437186025,-0.8881797898254851,-0.9059480855102788,0.8304049176374574,0.7529034411064606,0.0,0.7653333333333334,0.8679245283018868,0.9848484848484848,1.0
141,-0.5080213903743316,-0.9964975975371831,-0.9971375150321219,-0.9596774193548387,-0.9964419845819332,-0.9972307387993274,-0.996902559690256,-0.9928320425182258,-0.8787128799294956,-0.914763414174308,-0.8719798405754812,-0.9175794338465717,-0.9333999901453054,-0.9028237436794323,-0.9261210161888832,0.7171939856039119,0.8466248068992639,0.2232415902140672,0.5327777777777778,0.7236363636363636,1.0,1.0
142,-0.5347593582887701,-0.9965426949712489,-0.9954098670188077,-0.9596774193548387,-0.9976279897212889,-0.9980219562852338,-0.998236179823618,-0.9887235790835504,-0.8918173927991074,-0.8845548126598597,-0.8719798405754812,-0.9375780161604161,-0.9489140051528556,-0.9357600613323924,-0.9033449312727372,0.7488182916018471,0.9259620416093872,0.0,0.5872467771639043,0.8333333333333334,1.0,1.0
143,-0.5401069518716578,-0.9938728575396835,-0.9906820912144939,-0.9596774193548387,-0.9968373196283851,-0.9976263475422806,-0.9971821897182189,-0.9728666585080159,-0.8460604350632231,-0.8146339223702703,-0.8719798405754812,-0.924425938766874,-0.945700947473574,-0.9287379254705997,-0.8307462266719521,0.7613159612885386,0.8291491383844646,0.25,0.5841325196163907,0.7965517241379311,1.0,1.0
144,-0.893048128342246,-0.9816550091466695,-0.9796911713382618,-0.9596774193548387,-0.997034987151611,-0.9956483038275146,-0.9873521187352119,-0.9654189758562213,-0.7568895039452335,-0.8114768202535244,-0.8719798405754812,-0.9333433650296716,-0.9154525362148275,-0.7505986051086775,-0.9062867128158445,0.7518237752145545,0.8021029757592604,0.445304611242006,0.6187762864918357,0.7220371050179313,1.0,1.0
145,-0.7700534759358288,-0.9943062920577879,-0.9930027704294028,-0.9596774193548387,-0.9972326546748369,-0.9966373256848976,-0.9972467197246719,-0.9830591443906361,-0.8568601288824809,-0.8478377332813591,-0.8719798405754812,-0.9201912876361293,-0.9296356590771658,-0.9262440069946672,-0.8623622715345611,0.7629906711463892,0.8650874430011409,0.0,0.5747715130910858,0.8409090909090909,1.0,1.0
146,-0.9037433155080214,-0.99810610136662,-0.9990904893995476,-0.9596774193548387,-0.9969361533899981,-0.9977252497280189,-0.996838029683803,-0.9987412367349079,-0.9300501930052454,-0.9741359156019869,-0.8719798405754812,-0.9257318656616528,-0.9347308822905173,-0.9140173684465109,-0.98819696053054,0.7839533939531431,0.7885762657007118,0.4444444444444444,0.608304794520548,0.8166666666666667,0.9824561403508772,1.0
147,-0.5401069518716578,-0.9931891721450754,-0.9855174866889362,-0.9596774193548387,-0.9972326546748369,-0.9976263475422806,-0.998042589804259,-0.9486354656549939,-0.8324641989236704,-0.7515672384855012,-0.8719798405754812,-0.9301905787930517,-0.9379439399697989,-0.9278449738904426,-0.7134232066749346,0.6818797029773725,0.9209465322922856,0.0,0.4716911764705882,0.7236363636363636,1.0,1.0
148,-0.33689839572192515,-0.9850563899987156,-0.9442435784202594,-0.9596774193548387,-0.9972326546748369,-0.9973296409850657,-0.9964938696493869,-0.7485620377978636,-0.7904444132230901,-0.4832475150164578,-0.8719798405754812,-0.9354142863721671,-0.937392666580941,-0.8955400685646774,-0.17665781770785693,0.7638664668524969,0.8578961173118228,0.0,0.6254935307456315,0.7693423597678917,1.0,1.0
149,-0.6577540106951871,-0.9954710534811148,-0.9946632766396605,-0.9596774193548387,-0.9960466495354814,-0.9967362278706359,-0.996708969670897,-0.9834612493225405,-0.853638212256042,-0.8642520882199343,-0.8357702720521175,-0.9123557262674562,-0.9160038096036853,-0.8879182501182271,-0.8529831808928419,0.6545837587742454,0.8897014068875293,0.0,0.4811260307555159,0.666083916083916,0.8581349206349206,1.0
150,-0.5989304812834224,-0.9907118619749632,-0.9808623832777561,-0.9596774193548387,-0.9972326546748369,-0.9972307387993274,-0.997031619703162,-0.9516774768789664,-0.8010377927903383,-0.6585512471649764,-0.8719798405754812,-0.9301905787930517,-0.9360617749774102,-0.9197766799264913,-0.6464193412766595,0.7208738326566663,0.9128131067716765,0.0,0.5577777777777778,0.8,1.0,1.0
151,-0.7700534759358288,-0.9970390316292083,-0.9973909078027556,-0.9596774193548387,-0.997034987151611,-0.997428543170804,-0.9971176597117659,-0.993531355443277,-0.9117546822288732,-0.9433907183417135,-0.8719798405754812,-0.9275787250034939,-0.946252220862432,-0.9219324559793198,-0.9525909925349606,0.803266326920864,0.868831815458412,0.0,0.7265689418231791,0.8888888888888888,1.0,1.0
152,-0.2994652406417113,-0.9797059758514781,-0.9592894220570601,-0.9596774193548387,-0.9958489820122555,-0.9950548907130847,-0.993848139384814,-0.8736516372663857,-0.7196803420138203,-0.6147826189109822,-0.8719798405754812,-0.8945208737418608,-0.9050337444206286,-0.8677316505187984,-0.6257571835747369,0.7300947575755745,0.8071334536446512,0.0,0.5902597402597403,0.7346938775510204,0.895,1.0
153,0.07486631016042766,-0.9867097312319282,-0.9496886536379542,-0.9596774193548387,-0.9968373196283851,-0.9972307387993274,-0.9970746397074639,-0.7258868162030805,-0.809279380599137,-0.6022444740966895,-0.8719798405754812,-0.9175794338465717,-0.9387235587261529,-0.9086279289504535,-0.37202895063036645,0.7333803404196083,0.8385462601249379,0.0,0.525,0.7888888888888889,0.9230769230769232,1.0
154,-0.893048128342246,-0.9955149036909502,-0.9970492380297378,-0.9596774193548387,-0.9962443170587073,-0.996439521313421,-0.994945149494515,-0.9957866396265669,-0.8722594548470803,-0.930346056190051,-0.8719798405754812,-0.9010505082157552,-0.9275251481756001,-0.8593700873776292,-0.9604254068156148,0.6937194801748076,0.797103847540976,0.3125533731853117,0.575,0.6807692307692308,0.8392857142857143,1.0
155,-0.7486631016042781,-0.99455641514661,-0.9931144402207003,-0.9596774193548387,-0.9960466495354814,-0.9960439125704678,-0.995568939556894,-0.981293379254882,-0.8723819272483626,-0.8895905665325862,-0.8719798405754812,-0.9112738613733317,-0.9205477594281788,-0.902900347485588,-0.8973086289892316,0.7971065614836678,0.8004304352432938,0.0,0.7381605315894948,0.8425925925925926,0.98,1.0
156,-0.8663101604278075,-0.9965393306790057,-0.9969034307140884,-0.9596774193548387,-0.9972326546748369,-0.997428543170804,-0.9964723596472359,-0.9940908057833179,-0.9034775435627592,-0.9296624836303067,-0.8719798405754812,-0.9375780161604161,-0.946252220862432,-0.9197766799264913,-0.9511564598043851,0.8325590801498488,0.7818984557677802,0.3597269624573379,0.7704918032786885,0.8823529411764706,1.0,1.0
157,-0.7005347593582888,-0.997308265822201,-0.9981602261723971,-0.9596774193548387,-0.9972326546748369,-0.9972307387993274,-0.99634329963433,-0.9958041224496932,-0.9010962476615025,-0.9429450306578949,-0.8719798405754812,-0.9301905787930517,-0.9398261055038687,-0.9036083630737837,-0.9604254070656917,0.7124397988352291,0.8779220318202448,0.0,0.5,0.75,1.0,1.0
158,-0.7967914438502675,-0.992560331205718,-0.9929388907852867,-0.9596774193548387,-0.9958489820122555,-0.9949559885273465,-0.9932673693267369,-0.9840731481319603,-0.8562704673222596,-0.9118507214563857,-0.8507687672985613,-0.9094270020314905,-0.9133420255841022,-0.8682547297515961,-0.9386174396594916,0.8215508633851224,0.7263213143805665,0.4886877828054298,0.7204968944099379,0.8685344827586207,0.921474358974359,1.0
159,-0.6042780748663101,-0.9934027646499399,-0.9845795451226083,-0.9596774193548387,-0.9972326546748369,-0.9978241519137573,-0.997913529791353,-0.9479361527299428,-0.8097119951608168,-0.6341777302318281,-0.8719798405754812,-0.9301905787930517,-0.9411569976490806,-0.928291450225676,-0.5746381549324964,0.7205511470151553,0.9116832647379005,0.0,0.5,0.7785204991087344,1.0,1.0
160,-0.46524064171123003,-0.992553534918756,-0.9925579591789283,-0.9596774193548387,-0.9956513144890294,-0.9946592819701315,-0.9933749193374919,-0.9806115491529572,-0.8454667226889307,-0.8829373677211289,-0.8719798405754812,-0.905509221347154,-0.909349348877626,-0.8723047412414038,-0.9109913182156552,0.7895464355168867,0.8072404156997282,0.0,0.7,0.8466826538768986,0.965079365079365,1.0
161,-0.46524064171123003,-0.9935831270849026,-0.9891302550984685,-0.9596774193548387,-0.9964419845819332,-0.996439521313421,-0.9958055495805549,-0.9578139477962901,-0.8610703773405184,-0.859040545499597,-0.8719798405754812,-0.9181203662936339,-0.9269738747867421,-0.8875483778617268,-0.8202234664485488,0.7690829688828394,0.8344539242011128,0.0,0.5933398152649489,0.8426097711811997,0.9776119402985076,1.0
162,0.427807486631016,-0.9907426595911465,-0.9704320709585232,-0.9596774193548387,-0.9968373196283851,-0.997428543170804,-0.9964723596472359,-0.838004160911904,-0.8256541988728371,-0.6013108168633114,-0.8719798405754812,-0.9228031414256871,-0.9360617744357291,-0.9086279291321718,-0.17052081955716292,0.755060234194217,0.8176469790450602,0.0,0.5811928456159225,0.7857142857142857,1.0,1.0
163,-0.11764705882352944,-0.9946381277533758,-0.9933106296902384,-0.9596774193548387,-0.9968373196283851,-0.9966373256848976,-0.996386319638632,-0.9801220301054214,-0.8636399488009435,-0.8832084024155351,-0.8719798405754812,-0.9228031414256871,-0.9307382058548817,-0.8946471167119429,-0.8868336326367005,0.745611015773448,0.8348785673285128,0.0,0.5776293823038398,0.7894736842105263,0.9545454545454546,1.0
164,-0.6577540106951871,-0.9945994296782524,-0.9955863278072148,-0.9596774193548387,-0.9964419845819332,-0.9965384234991593,-0.9954183695418369,-0.9923949719400689,-0.8680412844411567,-0.9099242270242164,-0.8719798405754812,-0.9210490905295996,-0.9275251481756001,-0.8940923080091854,-0.9380606652869908,0.824919210198912,0.7935277917169017,0.3413793103448276,0.7225232198142415,0.8991525423728814,1.0,1.0
165,-0.8288770053475936,-0.9939712686968686,-0.9928198731877892,-0.9596774193548387,-0.9968373196283851,-0.9977252497280189,-0.997655409765541,-0.9890207870766972,-0.8408928556561763,-0.8242325796230139,-0.8719798405754812,-0.9181203662936339,-0.9475831130076439,-0.9432735465027271,-0.8856899630192911,0.7828037848822194,0.9581304688186006,0.0,0.71875,0.94281045751634,1.0,1.0
166,-0.6844919786096257,-0.9868681912939756,-0.9745686202490603,-0.9596774193548387,-0.9968373196283851,-0.9966373256848976,-0.9951817595181759,-0.9248063777338764,-0.7818179687200557,-0.6473750311089912,-0.8719798405754812,-0.9238850063198116,-0.9333999901453054,-0.8966496860610516,-0.625641871818803,0.8348102371188388,0.7638463378547883,0.2651007863740943,0.6996047430830039,0.8888888888888888,1.0,1.0
167,-0.8181818181818182,-0.9950854849633817,-0.9908316041090492,-0.9596774193548387,-0.9967384858667722,-0.997428543170804,-0.9977414497741449,-0.9781639539152782,-0.9007289486761251,-0.8982266853671945,-0.8719798405754812,-0.923120011872095,-0.937164321213445,-0.9197766802899279,-0.9135643524024705,0.8294225140915695,0.7707939391328151,0.25,0.7175324675324676,0.8708333333333333,1.0,1.0
168,-0.5080213903743316,-0.9856525949873444,-0.9529237051391789,-0.9596774193548387,-0.9964419845819332,-0.9968351300563743,-0.99698859969886,-0.8210283396562876,-0.8229245246435197,-0.6562560201803266,-0.8719798405754812,-0.9136616531622351,-0.9333999901453054,-0.9197766801990688,-0.5843278926301209,0.7868886160482731,0.8299347972884275,0.0,0.6666666666666666,0.8424317617866005,0.9772727272727272,1.0
169,-0.6203208556149733,-0.9800498027441524,-0.9244884397457003,-0.9596774193548387,-0.9972326546748369,-0.9978241519137573,-0.9983652398365239,-0.7416738054861098,-0.7869773896023402,-0.343299940908263,-0.8719798405754812,-0.9301905787930517,-0.9553401205114189,-0.9470620188304317,-0.19863100022040114,0.8425800575323392,0.8164650656934533,0.0,0.7379402189997041,0.9375,1.0,1.0
170,-0.2406417112299466,-0.9835738849323207,-0.9431422262614936,-0.9596774193548387,-0.9968373196283851,-0.9973296409850657,-0.9964078296407829,-0.7287015507264113,-0.7901286628554879,-0.5334046568318318,-0.8719798405754812,-0.9228031414256871,-0.9387235587261529,-0.9123397980171574,-0.2227086621481421,0.7985696911156026,0.824063990642075,0.0,0.6692307692307692,0.8562822719449226,1.0,1.0
171,-0.2887700534759359,-0.9901272604733614,-0.9572457595842309,-0.9596774193548387,-0.9972326546748369,-0.9978241519137573,-0.9984512798451279,-0.8007307820066785,-0.8363622367632322,-0.4985452445814725,-0.8719798405754812,-0.9354142863721671,-0.9515757894432794,-0.9466921466647906,-0.17981774710385545,0.8139856298145964,0.8347660055631557,0.1428571428571428,0.6666666666666666,0.9166666666666666,1.0,1.0
172,-0.8342245989304813,-0.9954179871773066,-0.9963100202074446,-0.9596774193548387,-0.9972326546748369,-0.9960439125704678,-0.9966444396644439,-0.9941432542526967,-0.8788858657439522,-0.9152634058266121,-0.8507687672985613,-0.9328024325826093,-0.9280764215644579,-0.9237183591396341,-0.9438362244366061,0.8017688171901437,0.8494020442592549,0.25,0.6505102040816326,0.92,1.0,1.0
173,-0.5614973262032086,-0.9958038177175057,-0.9949182606075992,-0.9596774193548387,-0.997133820913224,-0.997428543170804,-0.9971821897182189,-0.9843004248326019,-0.8500201239999924,-0.8389201393786264,-0.8719798405754812,-0.9192022311877585,-0.9347308822905173,-0.9094442772696099,-0.8249155959035811,0.6506360953528526,0.9258148275911042,0.0,0.4674556213017751,0.6705426356589147,0.8971535982814178,1.0
174,-0.6310160427807487,-0.9941398933590344,-0.9933778332721954,-0.9596774193548387,-0.9964419845819332,-0.9968351300563743,-0.995525919552592,-0.9807688945610937,-0.851475626519901,-0.8750930925710243,-0.8719798405754812,-0.9197431636348208,-0.9243120904963184,-0.8799265597787131,-0.8853991000133008,0.7586298969094719,0.8108277921324603,0.3070452155625657,0.6099290780141844,0.7658227848101266,1.0,1.0
175,-0.6417112299465241,-0.9869778408077978,-0.959697387462034,-0.9596774193548387,-0.9968373196283851,-0.997428543170804,-0.997332759733276,-0.8660815748527072,-0.7869975068608221,-0.5069997763026293,-0.8719798405754812,-0.9301905787930517,-0.9489140051528556,-0.9089978014795312,-0.4177691475145925,0.7616773274066791,0.8366643112350204,0.3147138964577656,0.5631115459882583,0.7948717948717948,1.0,1.0
176,-0.15508021390374338,-0.983222978504305,-0.9716666330334591,-0.9596774193548387,-0.9967384858667722,-0.9954504994560379,-0.9908797590879759,-0.880767146278781,-0.7850405409890657,-0.7405969233617589,-0.8719798405754812,-0.9123557262674562,-0.918437248526613,-0.8487312714041672,-0.608543678473737,0.7906183558335587,0.818611244755027,0.0,0.685380782147113,0.8252399774138905,0.9674603174603176,1.0
177,-0.8716577540106952,-0.9912586534667671,-0.9866239435546376,-0.9596774193548387,-0.9973314884364499,-0.9973296409850657,-0.997483329748333,-0.9733561775555517,-0.8123473673064606,-0.750641264100187,-0.8507687672985613,-0.9320374381348928,-0.9398261055038687,-0.9371760921453471,-0.8223425615024142,0.6925448043825079,0.8970518086878666,0.0,0.5846774193548387,0.751410014203566,0.8695175438596492,1.0
178,-0.893048128342246,-0.8640783385343807,-0.6987360471083592,-0.9596774193548387,-0.9976279897212889,-0.9985164672139254,-0.998107119810712,-0.4531372926100107,-0.538432399638465,-0.03388908806503088,-0.8719798405754812,-0.9388839430551951,-0.9617662358699822,-0.9478783671495881,-0.37244974085233273,0.7407305893688987,0.9857822574747528,0.0,0.6652901785714286,0.8484848484848485,1.0,1.0
179,-0.9786096256684492,1.0,1.0,-0.8951612903225806,-0.9930816366870924,-0.9940658688557017,1.0,0.6234025070368363,0.9999999999999999,1.0000000000000002,-0.6759335027122191,-0.825793317429037,-0.8480729078746193,0.5932564493133096,-0.4140360508821739,0.8087942998543031,0.9196277967354141,0.3904761904761905,0.7538690476190476,0.922350504470511,0.9772757567057666,1.0
180,-0.9893048128342246,-0.1748197568061982,-0.4161718648762126,-0.9596774193548387,0.89573038149832,0.8960538027890418,0.23688965368896553,-0.6649242119617476,0.35903511033465085,8.672055451786065e-05,-0.8719798405754812,0.5635326827648887,0.5707028035436243,0.5731541546509823,-0.79431454418428,0.9917254682978832,0.5126317740976697,0.9834509365957664,0.9875882024468248,0.9917254682978832,0.9958627341489416,1.0
181,-0.7112299465240641,-0.8410272965314394,-0.4679779199549384,-0.9596774193548387,-0.9948606443961258,-0.9929779448125803,-0.991933749193375,0.5870557177573035,-0.5262628000205951,0.1540481054012841,-0.8719798405754812,-0.8845215825849386,-0.8841961608322308,-0.8704422353652437,0.22204842577186756,0.8090528103484539,0.7756049015223648,0.0,0.7322996738877242,0.8578643578643579,0.9353513459018048,1.0
182,-0.7005347593582888,-0.9923352446541944,-0.9927509958747922,-0.9516129032258065,-0.9957501482506425,-0.9960439125704678,-0.995009679500968,-0.9858563960908407,-0.850950210813529,-0.8893749369452336,-0.8357702720521175,-0.9123557262674562,-0.91389329897296,-0.903608362619488,-0.9264243554254542,0.839410462354455,0.7434803079329813,0.4327340359578425,0.7782451923076923,0.8761792452830188,1.0,1.0
183,-0.31016042780748665,-0.9892692424155215,-0.9718655620801847,-0.9596774193548387,-0.9968373196283851,-0.9972307387993274,-0.996214239621424,-0.8722005629469046,-0.8111358019231942,-0.7154987286255788,-0.8719798405754812,-0.9228031414256871,-0.9387235587261529,-0.9093676740086091,-0.5698930935525985,0.7497016302761272,0.8346408289952032,0.0,0.5909090909090909,0.7727272727272727,1.0,1.0
184,-0.8716577540106952,-0.9927902722479285,-0.991482783046574,-0.9596774193548387,-0.9962443170587073,-0.9969340322421125,-0.996945579694558,-0.985681567859578,-0.8422620160707335,-0.8470251350200395,-0.8719798405754812,-0.9097438724778986,-0.9250917089818318,-0.9149420496783462,-0.9108032907707431,0.7573968071633672,0.7882561106620515,0.3035949145111793,0.6431888544891641,0.7519181585677749,0.8974137931034483,1.0
185,-0.47593582887700536,-0.9726509090669518,-0.9444794489772118,-0.9596774193548387,-0.9928839691638665,-0.9924834338838888,-0.9890514089051409,-0.8018147170405077,-0.7184004482812036,-0.645167938528675,-0.8719798405754812,-0.8635339438227232,-0.8927327873632004,-0.8377674566926683,-0.6113598117599454,0.8029235766905007,0.7713839720826727,0.0,0.7399395161290322,0.8466880341880342,0.9427083333333331,1.0
186,-0.31550802139037437,-0.9952894651888518,-0.9954611625904477,-0.9596774193548387,-0.9964419845819332,-0.9967362278706359,-0.9959561195956119,-0.9867829857165334,-0.867930550709969,-0.898297667215983,-0.8719798405754812,-0.9175794338465717,-0.9288560403208119,-0.8965413529666543,-0.9032898594753551,0.7496179627626655,0.8062634032157934,0.0,0.5993506493506493,0.75,0.9513888888888888,1.0
187,-0.8716577540106952,-0.9966498080992862,-0.9965438372977589,-0.9596774193548387,-0.9969361533899981,-0.997428543170804,-0.998193159819316,-0.9939334603751814,-0.9048850194225442,-0.9370861848299367,-0.8719798405754812,-0.9262727981087151,-0.9417082710379384,-0.9356517284197134,-0.9665344252168021,0.7936404820774922,0.8850740901158286,0.28,0.6254396821261073,0.9205882352941176,1.0,1.0
188,-0.8288770053475936,-0.9627649843968579,-0.9051827725750992,-0.9596774193548387,-0.9969361533899981,-0.9978241519137573,-0.9977844697784469,-0.7820591269078131,-0.7408735949659939,-0.5326230548601517,-0.8719798405754812,-0.9281196574505561,-0.9435904365720083,-0.9358366645933932,-0.6205155871378347,0.8106655403770386,0.8022330170733765,0.361198738170347,0.6408730158730159,0.8660714285714286,1.0,1.0
189,-0.7433155080213905,-0.8907170271530542,-0.6324116807285088,-0.9596774193548387,-0.9972326546748369,-0.9968351300563743,-0.996945579694558,0.033864228395601215,-0.6631446732839759,-0.12694015348565746,-0.8719798405754812,-0.9249668712139362,-0.9331716447778093,-0.90513272652684,-0.12126139361249733,0.6925949459110545,0.9237358301833551,0.0,0.5335800438596491,0.7255639097744361,0.949404761904762,1.0
190,-0.5026737967914439,-0.995124553224823,-0.9941784290772174,-0.9596774193548387,-0.9964419845819332,-0.9966373256848976,-0.9958700795870079,-0.986118638437735,-0.8747531389065561,-0.889915889345828,-0.8719798405754812,-0.9123557262674562,-0.9269738753284231,-0.8964330202356937,-0.8898429617790672,0.7555328282870578,0.8032472620922904,0.0,0.6,0.7846153846153846,0.9444444444444444,1.0
191,-0.9893048128342246,-0.1295814053588723,-0.38427254098820407,-0.9435483870967742,1.0,1.0,0.304624650462465,-0.6465847305022815,0.7304802757957326,0.26686089676152136,-0.78456220828231,1.0,0.9999999999999998,0.9999999999999999,-0.7387111972245816,0.8528476589797345,0.7126010977556547,0.75,0.8014238294898672,0.8528476589797345,0.9042714884696016,0.9556953179594688
192,-0.46524064171123003,-0.9950517593887872,-0.9913349945496231,-0.9596774193548387,-0.9972326546748369,-0.9976263475422806,-0.997504839750484,-0.9683910557876886,-0.8564580624475412,-0.7912357735739186,-0.8719798405754812,-0.9301905787930517,-0.9438187819395043,-0.9068420257901393,-0.7205076504411274,0.7289007557048817,0.8811275745658956,0.0,0.4947916666666667,0.8,1.0,1.0
193,-0.6149732620320856,-0.983783492951684,-0.9495457735429732,-0.9596774193548387,-0.9968373196283851,-0.9972307387993274,-0.9970531297053129,-0.8269550166960961,-0.7675421127218132,-0.41748508968822595,-0.8719798405754812,-0.9249668712139362,-0.9443700553283622,-0.9282148466920979,-0.2890529165768051,0.851567645550824,0.7554171214826144,0.3719072628152645,0.7211246200607904,0.9071428571428573,1.0,1.0
194,-0.8342245989304813,-0.9578149352790688,-0.9045057645717488,-0.9596774193548387,-0.9980233247677407,-0.9976263475422806,-0.997504839750484,-0.7847165160230074,-0.6541965514555125,-0.41756174770530763,-0.8719798405754812,-0.9428017237395316,-0.9526783362209952,-0.9353901888033146,-0.5593100931562921,0.7779663051146442,0.8931348891297088,0.0,0.5228584622489032,0.9142857142857144,1.0,1.0
195,-0.9358288770053476,-0.8599232397144804,-0.759244888929054,-0.9596774193548387,-0.9972326546748369,-0.9976263475422806,-0.998128629812863,-0.6614101645133657,-0.6597193254281735,-0.49564177140419685,-0.8357702720521175,-0.9262727981087151,-0.9384952133586568,-0.909660943276686,-0.7435113304375869,0.6987032053901076,0.9760952289888873,0.0,0.6231060606060606,0.7663043478260869,0.946741108933072,1.0
196,-0.9304812834224598,-0.8632883311673799,-0.7551847819968689,-0.9596774193548387,-0.9976279897212889,-0.9984175650281871,-0.99870939987094,-0.6416895400269236,-0.6264907834365652,-0.36921495747391275,-0.8719798405754812,-0.9428017237395316,-0.9617662358699822,-0.9614127035980202,-0.6688963662725642,0.8627887064493276,0.8972408329213373,0.0,0.8378378378378378,0.9411764705882352,1.0,1.0
197,0.12834224598930466,-0.9694026436858401,-0.8537784924239046,-0.9596774193548387,-0.9964419845819332,-0.9960439125704678,-0.995525919552592,-0.15269497718491587,-0.7296768952832507,-0.15607498450859014,-0.8719798405754812,-0.9086620075837739,-0.9205477594281788,-0.907211898319217,0.6900690492992223,0.7786146960525331,0.8482059567409309,0.0,0.6702803549818476,0.8484848484848485,0.957427536231884,1.0
198,-0.5508021390374331,-0.9945806623521032,-0.9895266424776191,-0.9596774193548387,-0.9972326546748369,-0.9977252497280189,-0.99763389976339,-0.9629364149722897,-0.8529025424543567,-0.784090192218037,-0.8719798405754812,-0.9249668712139362,-0.946480566229928,-0.9154651288202847,-0.7305214004129787,0.7240749483519051,0.8776315262991303,0.0,0.5251076040172167,0.75,1.0,1.0
199,-0.5561497326203209,-0.9964341601853448,-0.9961110777584299,-0.9596774193548387,-0.9976279897212889,-0.9984175650281871,-0.998150139815014,-0.9902271018724104,-0.896126628264547,-0.9037421360527843,-0.8719798405754812,-0.9428017237395316,-0.9553401205114189,-0.9310786374245306,-0.9064020246075035,0.8033560409530142,0.8473833419987522,0.0384615384615384,0.6604469818283089,0.8666666666666667,1.0,1.0
200,-0.7112299465240641,-0.9496411078031652,-0.8303077736229493,-0.9596774193548387,-0.997133820913224,-0.9973296409850657,-0.9959991395999139,-0.4935400968548401,-0.5411619565974096,0.36905113608342255,-0.8719798405754812,-0.9175794338465717,-0.937164321213445,-0.9128628770682368,0.4585071942591261,0.7165119729988665,0.9034773558243329,0.0,0.5754583150707849,0.7373620907939953,0.943752594437526,1.0
201,-0.9197860962566845,-0.9926597080239606,-0.992304561915552,-0.9596774193548387,-0.994069974303222,-0.9962417169419444,-0.9929447192944719,-0.9875347471109635,-0.8044501901405383,-0.8381283794191137,-0.8719798405754812,-0.8756041568536609,-0.9076955292527333,-0.827881530189302,-0.9061111612799856,0.7003022404489432,0.859591191747867,0.2806295399515738,0.5141287284144427,0.7142857142857143,0.9173669467787114,1.0
202,-0.9090909090909091,-0.7868958925440401,-0.5673128996397958,-0.9596774193548387,-0.9960466495354814,-0.9956483038275146,-0.99698859969886,-0.2755118096470218,-0.385973443419228,0.1263461470681324,-0.8719798405754812,-0.9197431636348208,-0.917885975137755,-0.9083215159064504,-0.32270197683636437,0.71825214249245,0.971818446545183,0.0,0.6967213114754098,0.7692307692307693,1.0,1.0
203,-0.893048128342246,-0.9947659528677499,-0.9958011640692491,-0.9596774193548387,-0.9966396521051591,-0.996439521313421,-0.9952462895246289,-0.9946152904771062,-0.8698412182742942,-0.9213578355664811,-0.8507687672985613,-0.925955927662307,-0.919216867282967,-0.8820823351955277,-0.9628052457178761,0.7346989903648249,0.8103289453614589,0.3333333333333333,0.5694935390233625,0.719311377245509,1.0,1.0
204,-0.5454545454545454,-0.995204486615479,-0.9953698424362664,-0.9596774193548387,-0.9964419845819332,-0.9962417169419444,-0.9957840395784039,-0.988758544729803,-0.8790116549757058,-0.903579718925852,-0.8719798405754812,-0.9123557262674562,-0.9307382058548817,-0.9086279289504535,-0.9163555340849241,0.8323648573566673,0.8018771274160683,0.0,0.8,0.8947368421052632,1.0,1.0
205,-0.6951871657754011,-0.9869994581849005,-0.9897295500970035,-0.9596774193548387,-0.9924886341174145,-0.9873405202254969,-0.9864917186491718,-0.9802094442210528,-0.8004590331628985,-0.8756179207215524,-0.8357702720521175,-0.8619111464815364,-0.8595942461756936,-0.8203045855338927,-0.9019155667390565,0.8215252658131664,0.7529632786078975,0.0,0.7291666666666666,0.8571428571428571,0.9302325581395348,1.0
206,-0.5454545454545454,-0.9694697463619043,-0.8865613985818601,-0.9596774193548387,-0.9964419845819332,-0.9970329344278508,-0.9977629597762959,-0.5759191594258641,-0.691482042395424,-0.12007920378268677,-0.8719798405754812,-0.9175794338465717,-0.9333999901453054,-0.9283997826840593,0.16657714604356255,0.7784319696984497,0.796678410197035,0.0,0.648854961832061,0.8222222222222222,0.9444444444444444,1.0
207,-0.46524064171123003,-0.9956405896911654,-0.9949419039572287,-0.9596774193548387,-0.9964419845819332,-0.9966373256848976,-0.9971391697139169,-0.986118638437735,-0.8791326256557755,-0.8819086142473604,-0.8719798405754812,-0.9175794338465717,-0.9296356590771658,-0.9240882313052753,-0.8976597320966746,0.8062760478029604,0.8563198984720728,0.0,0.6813636363636364,0.9069264069264068,1.0,1.0
208,-0.8823529411764706,-0.9928000547821918,-0.9934665576634613,-0.9596774193548387,-0.9963431508203202,-0.9972307387993274,-0.996085179608518,-0.9901047221105264,-0.8521114766140718,-0.9026218900266771,-0.8719798405754812,-0.9162735069517928,-0.9237608171074605,-0.8820057318436678,-0.9502236300419064,0.7315221488757483,0.847664943968739,0.35,0.548130547482523,0.753125,0.9821428571428572,1.0
209,-0.09090909090909094,-0.9820788575841398,-0.9297536814752461,-0.9596774193548387,-0.9968373196283851,-0.9962417169419444,-0.9951817595181759,-0.6299061172398119,-0.7388146366001269,-0.23143323158260176,-0.8719798405754812,-0.9175794338465717,-0.9275251481756001,-0.8958016078176396,0.44057080936970516,0.7435651046314291,0.8560099630820546,0.0,0.5801149631758578,0.798989898989899,0.9503968253968254,1.0
210,-0.6951871657754011,-0.971345343882681,-0.9219725855056277,-0.9596774193548387,-0.9952559794425776,-0.992879042626842,-0.9929447192944719,-0.7610098078637738,-0.6840288763263519,-0.3376782511963202,-0.8719798405754812,-0.8945208737418608,-0.8702413838790695,-0.8677316510639533,-0.2745630460234282,0.7740474365753421,0.8115317423460767,0.0,0.6964285714285714,0.827027027027027,0.8928571428571429,1.0
211,-0.7272727272727273,-0.9867764689002686,-0.9735832171581423,-0.9596774193548387,-0.9976279897212889,-0.997428543170804,-0.996816519681652,-0.9274462840259445,-0.7859758030726295,-0.642352364733491,-0.8719798405754812,-0.9428017237395316,-0.9409286522815845,-0.9276600378076221,-0.6510335868815439,0.8013019750576005,0.8968854384179057,0.0,0.6051742344244984,0.9215686274509804,1.0,1.0
212,-0.839572192513369,-0.8969489579970586,-0.7210870464865169,-0.9596774193548387,-0.9972326546748369,-0.9982197606567105,-0.9983652398365239,-0.3799716778265354,-0.4912287497631673,0.3191183941383453,-0.8719798405754812,-0.9301905787930517,-0.9585531781907006,-0.9479549704105888,0.0474891626031273,0.8580276626731889,0.749458661235675,0.4,0.7693371857649894,0.9226305609284332,1.0,1.0
213,-0.8663101604278075,-0.9963878187883353,-0.9976179771404304,-0.9596774193548387,-0.9952559794425776,-0.996439521313421,-0.996816519681652,-0.9963985384359866,-0.8819489334051921,-0.9365393498410357,-0.8507687672985613,-0.9049682889000917,-0.9258713280090263,-0.9000048265563222,-0.9670309601666305,0.7533044736727474,0.8329053614239963,0.2727272727272727,0.6,0.7983870967741935,0.9444444444444444,1.0
214,-0.3582887700534759,-0.9474536389397037,-0.7578737296444962,-0.9596774193548387,-0.9972326546748369,-0.9968351300563743,-0.99440739944074,0.07652231682372057,-0.6295053328498726,0.26389701009951927,-0.8719798405754812,-0.9249668712139362,-0.9315178246112357,-0.8743839137606542,1.0,0.7409765885730503,0.8710356831505397,0.0,0.6012061677329131,0.7994169096209913,1.0,1.0
215,-0.7967914438502675,-0.9855307050581366,-0.9756718803230019,-0.9596774193548387,-0.9976279897212889,-0.9972307387993274,-0.9959130995913099,-0.9418870959282505,-0.7584984195224709,-0.6254991872956062,-0.8719798405754812,-0.9428017237395316,-0.9398261055038687,-0.9046862501007473,-0.6738647434878962,0.8064445245635213,0.8790960121090907,0.0,0.6306352459016393,0.9242857142857144,1.0,1.0
216,-0.44919786096256686,-0.9882086840601392,-0.9545065164882119,-0.9596774193548387,-0.9972326546748369,-0.9978241519137573,-0.997892019789202,-0.812758964317558,-0.8234374062430247,-0.5208619708177713,-0.8719798405754812,-0.9301905787930517,-0.946252220862432,-0.9296626067932942,-0.29981146854469576,0.7694378142730943,0.8110119831368845,0.1666666666666666,0.6262254901960784,0.8,1.0,1.0
217,-0.2620320855614974,-0.9631020387793836,-0.844854528010155,-0.9596774193548387,-0.9968373196283851,-0.9967362278706359,-0.9953538395353839,-0.2648123218937394,-0.6456534910347258,0.14414284508496378,-0.8719798405754812,-0.9178963042929796,-0.9301869324660238,-0.8791102113686977,0.9265132005401748,0.7641399098725536,0.8090940910404694,0.0,0.6190159574468085,0.8,1.0,1.0
218,-0.27807486631016043,-0.9648487312234219,-0.865574992729321,-0.9596774193548387,-0.9960466495354814,-0.9960439125704678,-0.994321359432136,-0.39537404500078677,-0.6606089139710645,-0.03688539166239091,-0.8719798405754812,-0.9123557262674562,-0.9243120904963184,-0.8968028922196165,0.4502915554270168,0.8026899281561964,0.7935108521890308,0.0,0.7049411764705882,0.85,1.0,1.0
219,-0.7754010695187166,-0.9853345836343792,-0.9779003954129061,-0.9596774193548387,-0.9964419845819332,-0.9962417169419444,-0.9920412992041299,-0.9462403188866938,-0.7700820824470882,-0.7172580020186065,-0.8719798405754812,-0.9175794338465717,-0.9256429826415302,-0.8774326409393441,-0.7560482104598869,0.8212026130373472,0.7732401942458059,0.2919757248819959,0.6887868229331644,0.8573502722323049,1.0,1.0
220,-0.46524064171123003,-0.9673612396427418,-0.8942375212427177,-0.9596774193548387,-0.9956513144890294,-0.996439521313421,-0.9948375994837599,-0.5779646497316386,-0.6897269805703274,-0.3192297670518681,-0.8719798405754812,-0.9002855137680386,-0.9205477594281788,-0.8811893835245115,-0.05732798587417798,0.7457291004148422,0.8303571995007571,0.0,0.6001623376623376,0.7503993610223643,0.9332706766917294,1.0
221,-0.6310160427807487,-0.9555807160446463,-0.903130417245308,-0.9596774193548387,-0.9968373196283851,-0.9960439125704678,-0.9906216390621639,-0.70023951467683,-0.5919591144528875,-0.3256280811576059,-0.8719798405754812,-0.9249668712139362,-0.9141216440696156,-0.8461738941700333,-0.29505393129147006,0.7567135403102901,0.8430711032475473,0.0,0.5948275862068966,0.7916666666666666,1.0,1.0
222,-0.36363636363636365,-0.9665384716245262,-0.8462604715066526,-0.9596774193548387,-0.9968373196283851,-0.9966373256848976,-0.9951817595181759,-0.31897410793895,-0.6750580079381012,0.16977422580951718,-0.8719798405754812,-0.9223550174243785,-0.9269738753284231,-0.896063147161461,0.8475550707266513,0.7770041703977745,0.8147632483970912,0.125,0.6317877205085247,0.8181818181818182,0.98,1.0
223,-0.6631016042780749,-0.9767252702580368,-0.9186701176417277,-0.9596774193548387,-0.9964419845819332,-0.997428543170804,-0.998150139815014,-0.7380024126295914,-0.7489005310556022,-0.27971846908081077,-0.8719798405754812,-0.914967580057014,-0.937164321213445,-0.9411177711767718,-0.17286536942584718,0.8098274174502269,0.7888897737126359,0.0,0.6539473684210526,0.8571428571428571,1.0,1.0
224,-0.6149732620320856,-0.9937814603584537,-0.994154892596772,-0.9596774193548387,-0.9968373196283851,-0.9967362278706359,-0.9953323295332329,-0.9897550656480009,-0.831047119910149,-0.8593927855254502,-0.8719798405754812,-0.9175794338465717,-0.9264226013978842,-0.8987737318261879,-0.9098829367386911,0.7288945974459939,0.8715936518524205,0.0,0.5,0.7886762360446571,0.97,1.0
225,-0.3475935828877006,-0.9887480970164393,-0.9776052860687934,-0.9596774193548387,-0.9956513144890294,-0.995153792898823,-0.99505269950527,-0.9093165964439938,-0.8090835982404188,-0.7436215839345529,-0.8719798405754812,-0.8984386544261974,-0.9127907521952442,-0.8923064050305893,-0.6440343347848332,0.765509397569281,0.7865110189721896,0.0,0.6311062674221307,0.7948717948717948,0.9148805878750764,1.0
226,-0.5561497326203209,-0.9688056433200789,-0.9050852221400042,-0.9596774193548387,-0.9964419845819332,-0.9958461081989911,-0.9923854592385459,-0.6511477473382401,-0.6636896428090112,-0.2835532986570073,-0.8719798405754812,-0.9060501537942163,-0.917885975137755,-0.8587386755955893,-0.07552725294832441,0.738769970132581,0.8340236077832355,0.0,0.5993829468960359,0.7556818181818182,0.9374756525126606,1.0
227,-0.07486631016042788,-0.9823363847112221,-0.9252420035479748,-0.9596774193548387,-0.9960466495354814,-0.9962417169419444,-0.9960421596042159,-0.6032797776184898,-0.7755324533558473,-0.3729332909258445,-0.8719798405754812,-0.9123557262674562,-0.9232095437186025,-0.8989586680907268,0.1717834543757446,0.7914053729144784,0.7821355378520854,0.25,0.6721153846153847,0.8333333333333334,0.9629629629629628,1.0
228,-0.6470588235294118,-0.9862783652733077,-0.9593888060038247,-0.9596774193548387,-0.9968373196283851,-0.9973296409850657,-0.9978705097870509,-0.8670955785940313,-0.8062662422823894,-0.5925993043848663,-0.8719798405754812,-0.9249668712139362,-0.946252220862432,-0.9294776705287553,-0.5331486241365047,0.7931816530733965,0.8038679447876561,0.2413793103448276,0.6401687027341478,0.8282232704402516,1.0,1.0
229,-0.6096256684491979,-0.9915269852547727,-0.9806594628227858,-0.9596774193548387,-0.9968373196283851,-0.997428543170804,-0.9970746397074639,-0.9426038916764279,-0.7921574367205162,-0.5859229275412188,-0.8719798405754812,-0.9249668712139362,-0.9398261055038687,-0.9129394803292376,-0.5457354078664679,0.7713706631448913,0.8252100864098485,0.2056451612903226,0.6131687242798354,0.8333333333333334,1.0,1.0
230,-0.47593582887700536,-0.9946837316654844,-0.9937695087256581,-0.9596774193548387,-0.9968373196283851,-0.9972307387993274,-0.997547859754786,-0.9843353904788545,-0.8618208546384628,-0.8658691750427471,-0.8719798405754812,-0.9249668712139362,-0.9347308822905173,-0.9258741344655895,-0.8863921696271553,0.7946909844394247,0.8011299289445087,0.2846081208687441,0.656013456686291,0.8571428571428571,1.0,1.0
231,-0.6203208556149733,-0.9933762047156499,-0.9893005577079645,-0.9596774193548387,-0.9972326546748369,-0.997428543170804,-0.997547859754786,-0.9719051032360705,-0.8424686930928755,-0.8071016155654798,-0.8719798405754812,-0.9301905787930517,-0.9424878897942924,-0.9181439832881786,-0.8140240882881606,0.737126069093236,0.8581283932161653,0.0,0.5075250836120402,0.782608695652174,1.0,1.0
232,-0.22994652406417115,-0.9924919593003096,-0.9763627203708986,-0.9596774193548387,-0.9969361533899981,-0.9973296409850657,-0.997569369756937,-0.8856798195772653,-0.8399656391044007,-0.636831720777906,-0.8719798405754812,-0.9249668712139362,-0.9411569976490806,-0.9197766799264913,-0.3793470458755521,0.7823588837420539,0.8150485818180577,0.2834674469641551,0.6184668989547039,0.8181818181818182,1.0,1.0
233,-0.8021390374331551,-0.9528665865908952,-0.886142099546132,-0.9516129032258065,-0.9936746392567701,-0.9942636732271782,-0.992514519251452,-0.7184216507281596,-0.6483382805622315,-0.39127661940266567,-0.8357702720521175,-0.8692985838489009,-0.8970483915493573,-0.8504854455488173,-0.46572824751106545,0.7915178160188792,0.6951390134831722,0.5294117647058824,0.6726190476190477,0.7804878048780488,0.8888888888888888,1.0
234,-0.6203208556149733,-0.9766160505484213,-0.9593895587972158,-0.9596774193548387,-0.9944653093496739,-0.9944614775986549,-0.9900623790062378,-0.8910820119232854,-0.7156475551741953,-0.646988552512483,-0.8719798405754812,-0.8745222914280164,-0.901269413352489,-0.8224603617684396,-0.7096234510380193,0.782668866548583,0.7661422998505394,0.351063829787234,0.6701534170153417,0.7837837837837838,0.9446969696969696,1.0
235,-0.3796791443850268,-0.9838736609312905,-0.9796330424098202,-0.9596774193548387,-0.9956513144890294,-0.9940658688557017,-0.9917186491718649,-0.9519397192258605,-0.746533766671758,-0.7553615507104416,-0.8719798405754812,-0.9049682891658517,-0.8986076290620653,-0.8505171745644814,-0.8029144333557281,0.7741461157700857,0.8102443018109116,0.0,0.6301321221486043,0.8321596244131455,0.9534801136363636,1.0
236,0.22459893048128343,-0.9829925045709852,-0.9258806259277605,-0.9596774193548387,-0.9972326546748369,-0.996439521313421,-0.9958700795870079,-0.5474396405531565,-0.7496079136014537,-0.24595746481028247,-0.8719798405754812,-0.9228031414256871,-0.9296356596188469,-0.9004381582070379,0.6275486133378401,0.7441407553974838,0.8396292022200893,0.0,0.5768261964735516,0.8,0.9583333333333334,1.0
237,-0.8181818181818182,-0.9965692076895323,-0.9975030962392308,-0.9596774193548387,-0.9972326546748369,-0.9973296409850657,-0.996795009679501,-0.9962586758509764,-0.8959816684217815,-0.9418498391136021,-0.8507687672985613,-0.9301905787930517,-0.9309665512223777,-0.9183289196435767,-0.9686535204492938,0.7495858922350261,0.8316821980489405,0.2777777777777778,0.6205058528428093,0.7416666666666667,1.0,1.0
238,-0.8021390374331551,-0.9945835429748052,-0.9939727034997399,-0.9596774193548387,-0.9972326546748369,-0.9970329344278508,-0.9965583996558399,-0.9871850906484378,-0.8771753536510538,-0.9103000979131523,-0.8719798405754812,-0.9228031414256871,-0.9398261055038687,-0.9187305218243326,-0.9447991741069101,0.7021267007556007,0.8261799738346702,0.1666666666666666,0.5177664974619289,0.6923076923076923,0.8888888888888888,1.0
