data/marbling_dataset/L0/14_jpg.rf.220541f2ae6d4487c6ed004786d8a061.jpg,1,43.0,-1.0,43.0,43.0,43.0,43.0,43.0,33.79898941516876,-1.0,33.79898941516876,33.79898941516876,33.79898941516876,33.79898941516876,33.79898941516876,0.717948717948718,-1.0,0.717948717948718,0.717948717948718,0.717948717948718,0.717948717948718,0.717948717948718,0
data/marbling_dataset/L0/0_jpg.rf.999322b1921ffc195037841cf9951150.jpg,0,-1.0,-1.0,-1.0,-1.0,-1.0,-1.0,-1.0,-1.0,-1.0,-1.0,-1.0,-1.0,-1.0,-1.0,-1.0,-1.0,-1.0,-1.0,-1.0,-1.0,-1.0,0
data/marbling_dataset/L0/5_jpg.rf.ee70dac5e75c7386b49a05376041a687.jpg,0,-1.0,-1.0,-1.0,-1.0,-1.0,-1.0,-1.0,-1.0,-1.0,-1.0,-1.0,-1.0,-1.0,-1.0,-1.0,-1.0,-1.0,-1.0,-1.0,-1.0,-1.0,0
data/marbling_dataset/L0/3_jpg.rf.a79de346a3448bc4b49dcdb7ec216333.jpg,15,11.733333333333333,8.379112352124407,4.0,6.0,10.0,13.5,28.0,11.114045119285583,6.938362719881872,4.0,6.414213538169861,8.828427076339722,13.192387998104095,25.656854152679443,0.9147813979392928,0.10624187893387406,0.7142857142857143,0.8142857142857143,1.0,1.0,1.0,0
data/marbling_dataset/L0/9_jpg.rf.7a72c59cf3cedabfe0f70c88e7f541e2.jpg,2,6.0,2.8284271247461903,4.0,5.0,6.0,7.0,8.0,6.121320307254791,1.8284271418604612,4.828427076339722,5.4748736917972565,6.121320307254791,6.767766922712326,7.414213538169861,1.0,0.0,1.0,1.0,1.0,1.0,1.0,0
data/marbling_dataset/L0/15_jpg.rf.b266bf6c7626c44e4e0f6d536e81ac1a.jpg,84,13.476190476190476,16.164423370570344,4.0,6.0,9.0,15.25,132.0,12.451439465795245,10.645412517414897,4.0,6.2426406145095825,9.242640614509583,15.071067601442337,84.42640614509583,0.8028638573892608,0.22074804553848912,0.0,0.6798245614035088,0.8588652482269503,1.0,1.0,0
data/marbling_dataset/L0/2_jpg.rf.9d3066417cfb07e9f99d077dcab3639a.jpg,0,-1.0,-1.0,-1.0,-1.0,-1.0,-1.0,-1.0,-1.0,-1.0,-1.0,-1.0,-1.0,-1.0,-1.0,-1.0,-1.0,-1.0,-1.0,-1.0,-1.0,-1.0,0
data/marbling_dataset/L0/8_jpg.rf.a151838121b172535d932114caec627e.jpg,1,8.0,-1.0,8.0,8.0,8.0,8.0,8.0,8.828427076339722,-1.0,8.828427076339722,8.828427076339722,8.828427076339722,8.828427076339722,8.828427076339722,0.8571428571428571,-1.0,0.8571428571428571,0.8571428571428571,0.8571428571428571,0.8571428571428571,0.8571428571428571,0
data/marbling_dataset/L0/28_jpg.rf.83ad994b8cfd544c70ae165748e8ce24.jpg,0,-1.0,-1.0,-1.0,-1.0,-1.0,-1.0,-1.0,-1.0,-1.0,-1.0,-1.0,-1.0,-1.0,-1.0,-1.0,-1.0,-1.0,-1.0,-1.0,-1.0,-1.0,0
data/marbling_dataset/L0/6_jpg.rf.51b2d1b35126e4eb6efe12085aba8d8d.jpg,1,25.0,-1.0,25.0,25.0,25.0,25.0,25.0,21.071067690849304,-1.0,21.071067690849304,21.071067690849304,21.071067690849304,21.071067690849304,21.071067690849304,0.8055555555555556,-1.0,0.8055555555555556,0.8055555555555556,0.8055555555555556,0.8055555555555556,0.8055555555555556,0
data/marbling_dataset/L0/24_jpg.rf.61a8dd8a6239dd3fea2e8fa22549200b.jpg,3,54.333333333333336,24.337899115029078,28.0,43.5,59.0,67.5,76.0,29.03756590684255,12.43841005918421,17.071067690849304,22.60660147666931,28.14213526248932,35.02081501483917,41.899494767189026,0.9120421164451763,0.03861475039676952,0.8740157480314961,0.8924534185702035,0.9108910891089109,0.9310553006520164,0.9512195121951219,0
data/marbling_dataset/L0/27_jpg.rf.952399b93d1612c801f22562bffcfb7b.jpg,0,-1.0,-1.0,-1.0,-1.0,-1.0,-1.0,-1.0,-1.0,-1.0,-1.0,-1.0,-1.0,-1.0,-1.0,-1.0,-1.0,-1.0,-1.0,-1.0,-1.0,-1.0,0
data/marbling_dataset/L0/7_jpg.rf.0b2979dc36503fe56904f1ee89e21e5f.jpg,1,10.0,-1.0,10.0,10.0,10.0,10.0,10.0,9.656854152679443,-1.0,9.656854152679443,9.656854152679443,9.656854152679443,9.656854152679443,9.656854152679443,1.0,-1.0,1.0,1.0,1.0,1.0,1.0,0
data/marbling_dataset/L0/13_jpg.rf.d97d985d908a385045af49b637298bba.jpg,36,578.1111111111111,3310.2522629619098,4.0,5.0,15.5,30.0,19887.0,78.44786485367351,355.87287265634603,4.0,6.181980460882187,15.77817440032959,24.54594138264656,2151.76570892334,0.76710996735855,0.2576219939617492,0.0,0.65625,0.8284600389863548,1.0,1.0,0
data/marbling_dataset/L0/11_jpg.rf.55954f56af0b035b09478ae90143004b.jpg,29,608.1034482758621,3145.835175784321,4.0,6.0,12.0,26.0,16964.0,55.8875598866364,209.32303621111907,5.414213538169861,8.242640614509583,11.656854152679443,20.485281229019165,1140.9919825792313,0.7505657152003204,0.22716063449936094,0.0,0.6666666666666666,0.7647058823529411,0.9,1.0,0
data/marbling_dataset/L0/10_jpg.rf.d30a7fea353b90b1ed1f35c640b85be7.jpg,1,14.0,-1.0,14.0,14.0,14.0,14.0,14.0,17.313708305358887,-1.0,17.313708305358887,17.313708305358887,17.313708305358887,17.313708305358887,17.313708305358887,0.6,-1.0,0.6,0.6,0.6,0.6,0.6,0
data/marbling_dataset/L0/17_jpg.rf.6eb4dd9ad97b43aebcbdb5fc35dc2c7a.jpg,32,653.375,3316.900357844801,4.0,7.5,18.0,32.25,18801.0,85.88880926370621,307.54302355685604,4.828427076339722,9.70710676908493,15.828427076339722,31.288581997156143,1744.3199706077576,0.6757526844549664,0.25154752490391497,0.0,0.526369168356998,0.6483076049036405,0.9486215538847117,1.0,0
data/marbling_dataset/L0/4_jpg.rf.dd6ae2b4525eb9f34bf4d1891e792a7d.jpg,0,-1.0,-1.0,-1.0,-1.0,-1.0,-1.0,-1.0,-1.0,-1.0,-1.0,-1.0,-1.0,-1.0,-1.0,-1.0,-1.0,-1.0,-1.0,-1.0,-1.0,-1.0,0
data/marbling_dataset/L0/22_jpg.rf.d9731292372a8857bc8d152f18eea243.jpg,2,34.0,38.18376618407357,7.0,20.5,34.0,47.5,61.0,22.485281229019165,20.142135521045322,8.242640614509583,15.363960921764374,22.485281229019165,29.606601536273956,36.72792184352875,0.7853107344632768,0.06791421062243677,0.7372881355932204,0.7612994350282486,0.7853107344632768,0.8093220338983051,0.8333333333333334,0
data/marbling_dataset/L0/25_jpg.rf.f75b561c1b40cabbcf0fe2ce3ff34c03.jpg,13,39.23076923076923,54.18664325913082,4.0,6.0,10.0,23.0,160.0,22.7324506686284,25.06174507918749,4.0,8.828427076339722,10.242640614509583,17.899494767189026,82.66904664039612,0.8257865538969728,0.2114405648401032,0.3333333333333333,0.8181818181818182,0.8888888888888888,0.96875,1.0,0
data/marbling_dataset/L0/26_jpg.rf.70b450d0fab58e92ae74b770fab8e16d.jpg,1,45.0,-1.0,45.0,45.0,45.0,45.0,45.0,24.485281229019165,-1.0,24.485281229019165,24.485281229019165,24.485281229019165,24.485281229019165,24.485281229019165,0.9041095890410958,-1.0,0.9041095890410958,0.9041095890410958,0.9041095890410958,0.9041095890410958,0.9041095890410958,0
data/marbling_dataset/L0/18_jpg.rf.e6f146527c5034e6c6e4a97f180343d9.jpg,0,-1.0,-1.0,-1.0,-1.0,-1.0,-1.0,-1.0,-1.0,-1.0,-1.0,-1.0,-1.0,-1.0,-1.0,-1.0,-1.0,-1.0,-1.0,-1.0,-1.0,-1.0,0
data/marbling_dataset/L0/23_jpg.rf.8e2e747b122c117c466f6bd0b2f771ad.jpg,30,16.8,21.780092143815725,4.0,6.25,9.0,19.0,113.0,14.594925320148468,14.532573749123841,4.828427076339722,7.414213538169861,9.121320307254791,17.7530480325222,80.08326029777527,0.8231219353150234,0.17483200071809205,0.4773413897280967,0.6666666666666666,0.8792270531400965,1.0,1.0,0
data/marbling_dataset/L0/19_jpg.rf.26f9fd1bbec828f1e6ab46c227f6f8f3.jpg,0,-1.0,-1.0,-1.0,-1.0,-1.0,-1.0,-1.0,-1.0,-1.0,-1.0,-1.0,-1.0,-1.0,-1.0,-1.0,-1.0,-1.0,-1.0,-1.0,-1.0,-1.0,0
data/marbling_dataset/L0/1_jpg.rf.c08f900a650c252e61a45591531e2e7a.jpg,4,12.5,9.0,5.0,5.0,11.0,18.5,23.0,10.742640614509583,5.800606990319203,5.414213538169861,6.035533845424652,10.242640614509583,14.949747383594513,17.071067690849304,0.9197570332480819,0.0933029285305457,0.8260869565217391,0.8462276214833759,0.9264705882352942,1.0,1.0,0
data/marbling_dataset/L0/20_jpg.rf.c564f6ad4e3cb6a923c82101917404c2.jpg,7,30.0,17.59734828508735,8.0,17.0,31.0,41.5,54.0,22.017841475350515,10.294278072757022,8.0,14.778174459934235,20.485281229019165,30.849242091178894,34.38477599620819,0.8190082950176117,0.16530240021359602,0.5072463768115942,0.7574404761904762,0.8571428571428571,0.9268939393939394,1.0,0
data/marbling_dataset/L0/21_jpg.rf.d608662954eb5f664750be63f781b900.jpg,155,145.25806451612902,1121.6119594207748,4.0,8.0,16.0,34.5,13906.0,40.00087521614567,141.92970884508105,4.0,8.535533845424652,14.242640614509583,29.313708245754242,1676.9646315574646,0.7728789940502492,0.22080156176561427,0.0,0.6515512048192771,0.8235294117647058,0.9444444444444444,1.0,0
data/marbling_dataset/L1/8_jpg.rf.c892561cf30f4cf42e2949a75656848d.jpg,16,63.3125,127.32253990031249,4.0,5.0,7.5,13.0,436.0,31.148416936397552,49.57271453810199,4.828427076339722,6.621320307254791,8.656854152679443,12.889087229967117,149.63960909843445,0.6387190528147975,0.32679072418698263,0.0,0.48214285714285715,0.6679331306990881,0.9464285714285714,1.0,1
data/marbling_dataset/L1/3_jpg.rf.afc476c8b6bb9b6006e6d1231bd82e9d.jpg,47,29.06382978723404,49.01038233189192,4.0,6.0,10.0,22.0,211.0,16.810585965501502,16.163683603703667,4.0,6.414213538169861,10.242640614509583,18.19238793849945,62.870057225227356,0.8605742087711066,0.1754603077209826,0.21428571428571427,0.75,0.9223300970873787,1.0,1.0,1
data/marbling_dataset/L1/27_jpg.rf.7afb614df26e2473c0c2509570363975.jpg,26,61.88461538461539,112.83202627732143,4.0,4.25,15.0,39.25,415.0,31.352638771900764,44.25854813457343,4.0,6.20710676908493,16.485281229019165,28.9601548910141,182.32590091228485,0.7026880471429945,0.27731965019593424,0.0,0.6090909090909091,0.7089947089947091,0.9736842105263158,1.0,1
data/marbling_dataset/L1/1_jpg.rf.e76b2029d66e5b4883f3af5f5b7010a0.jpg,70,161.94285714285715,1031.4563348006614,4.0,6.0,13.5,27.5,8636.0,58.44757725851876,278.7308874422122,4.0,6.9748736917972565,14.899494647979736,26.909902036190033,2343.755603790283,0.6724095592766595,0.2736294703748224,0.0,0.4914342992527793,0.6666666666666666,0.9486111111111111,1.0,1
data/marbling_dataset/L1/13_jpg.rf.c3daf08fe61d0b437e32c4b2e3711d8d.jpg,2,60.5,79.90306627407988,4.0,32.25,60.5,88.75,117.0,31.556348860263824,38.97056228766948,4.0,17.778174430131912,31.556348860263824,45.33452329039574,59.11269772052765,0.8576923076923078,0.20125346849155581,0.7153846153846154,0.7865384615384615,0.8576923076923078,0.9288461538461539,1.0,1
data/marbling_dataset/L1/11_jpg.rf.f857e5df6ac8ecffd733126804505ecb.jpg,15,22.533333333333335,22.95606569909035,5.0,9.0,19.0,24.5,99.0,16.17678676446279,9.718600468221176,5.414213538169861,8.828427076339722,16.485281109809875,18.071067690849304,45.21320283412933,0.8526681515179388,0.12080146644522402,0.5714285714285714,0.8140916808149405,0.8596491228070176,0.9312195121951219,1.0,1
data/marbling_dataset/L1/10_jpg.rf.9cda6c31626d5278820cfee3523e7b64.jpg,109,119.25688073394495,506.9567225971823,4.0,7.0,18.0,69.0,5219.0,43.71093463132141,113.47051526799022,4.0,7.414213538169861,15.899494767189026,40.38477599620819,1131.1168730258942,0.8268314019609178,0.17250109861038643,0.3132530120481928,0.7181818181818181,0.8495575221238938,1.0,1.0,1
data/marbling_dataset/L1/18_jpg.rf.c99b70e29770fef82ace1bc14160d740.jpg,11,137.8181818181818,217.3756279723273,4.0,9.5,45.0,146.0,701.0,50.374071370471604,53.97882420329727,4.0,11.242640554904938,35.55634891986847,72.76955193281174,173.43859839439392,0.6967581342873834,0.25777127391904914,0.0,0.6608307460547829,0.7771428571428571,0.8047853137721791,1.0,1
data/marbling_dataset/L1/23_jpg.rf.147f98aca2f399ea94e1225547ff3595.jpg,16,60.3125,83.42798790973367,5.0,7.75,18.0,81.75,271.0,32.8581255748868,30.672072773211056,5.414213538169861,10.096193999052048,16.071067690849304,53.99137717485428,97.39696836471558,0.7010450996184627,0.18480632545098727,0.38461538461538464,0.5542792085427135,0.6785714285714286,0.7857142857142857,1.0,1
data/marbling_dataset/L1/14_jpg.rf.bc6e73d4f40ac14a72515e1c16eb07f5.jpg,89,55.325842696629216,160.94280288922087,4.0,7.0,14.0,39.0,1212.0,24.487700205170707,38.59241436937973,4.0,6.828427076339722,12.242640614509583,25.313708186149597,260.00714015960693,0.8436141423288483,0.1649203066847679,0.33043478260869563,0.7627118644067796,0.8805970149253731,1.0,1.0,1
data/marbling_dataset/L1/20_jpg.rf.9e0a6a03efc8e928603ecf6dfe3aa950.jpg,56,53.017857142857146,119.58633109354759,4.0,7.0,14.0,32.25,755.0,27.057272732257843,31.148123459396515,4.0,8.828427076339722,16.485281229019165,29.399494737386703,154.26702547073364,0.7248151056960188,0.23753239331784837,0.15789473684210525,0.5595062638172439,0.7612275449101796,0.9395903010033445,1.0,1
data/marbling_dataset/L1/5_jpg.rf.7b6ad0837c7f9ad6a90b4e86cd610fac.jpg,57,47.26315789473684,129.5375740189184,4.0,7.0,13.0,25.0,845.0,23.244565716960974,36.65221550314622,4.0,7.414213538169861,11.656854152679443,21.656854152679443,217.92387974262238,0.8426814661993649,0.16357793552700295,0.5384615384615384,0.7142857142857143,0.88,1.0,1.0,1
data/marbling_dataset/L1/29_jpg.rf.db65b72a40c8799e90d59a3a6ea8b1d6.jpg,1,61.0,-1.0,61.0,61.0,61.0,61.0,61.0,40.97056245803833,-1.0,40.97056245803833,40.97056245803833,40.97056245803833,40.97056245803833,40.97056245803833,0.65625,-1.0,0.65625,0.65625,0.65625,0.65625,0.65625,1
data/marbling_dataset/L1/12_jpg.rf.323730f309f66ff93f37e532768da00d.jpg,1,20.0,-1.0,20.0,20.0,20.0,20.0,20.0,17.656854152679443,-1.0,17.656854152679443,17.656854152679443,17.656854152679443,17.656854152679443,17.656854152679443,0.7586206896551724,-1.0,0.7586206896551724,0.7586206896551724,0.7586206896551724,0.7586206896551724,0.7586206896551724,1
data/marbling_dataset/L1/21_jpg.rf.5ef35426f3929b4cf4d535d2887a2026.jpg,1,247.0,-1.0,247.0,247.0,247.0,247.0,247.0,77.11269760131836,-1.0,77.11269760131836,77.11269760131836,77.11269760131836,77.11269760131836,77.11269760131836,0.7940074906367042,-1.0,0.7940074906367042,0.7940074906367042,0.7940074906367042,0.7940074906367042,0.7940074906367042,1
data/marbling_dataset/L1/28_jpg.rf.a6a9ddfc9f607c40833790826c5998a1.jpg,1,4.0,-1.0,4.0,4.0,4.0,4.0,4.0,5.414213538169861,-1.0,5.414213538169861,5.414213538169861,5.414213538169861,5.414213538169861,5.414213538169861,0.5,-1.0,0.5,0.5,0.5,0.5,0.5,1
data/marbling_dataset/L1/7_jpg.rf.f2f617fafb7194bf62b6669b21ebc8a3.jpg,2,95.5,109.60155108391487,18.0,56.75,95.5,134.25,173.0,35.778174459934235,23.62741698085525,19.071067690849304,27.42462107539177,35.778174459934235,44.1317278444767,52.485281229019165,0.8531178489702517,0.1612025470840041,0.7391304347826086,0.7961241418764302,0.8531178489702517,0.9101115560640731,0.9671052631578947,1
data/marbling_dataset/L1/9_jpg.rf.fd4df1e6e3c58a00658c9cac5bc91033.jpg,25,45.76,82.39451842608625,4.0,5.0,9.0,33.0,363.0,21.722438502311707,24.15174580885965,4.0,5.414213538169861,10.828427076339722,20.485281229019165,89.5979790687561,0.7654015411849244,0.2831067837405131,0.0,0.7156862745098039,0.8333333333333334,1.0,1.0,1
data/marbling_dataset/L1/26_jpg.rf.fb36262ede886a6b2a492467a74d2896.jpg,0,-1.0,-1.0,-1.0,-1.0,-1.0,-1.0,-1.0,-1.0,-1.0,-1.0,-1.0,-1.0,-1.0,-1.0,-1.0,-1.0,-1.0,-1.0,-1.0,-1.0,-1.0,1
data/marbling_dataset/L1/2_jpg.rf.d3ed2a6ab8e5e9b35fbf16f7bb3aa443.jpg,136,63.080882352941174,239.15645135434016,4.0,7.0,14.5,31.0,2444.0,29.610147961798837,66.9482816317631,4.0,8.0,13.363960921764374,24.692387968301773,556.7422026395798,0.7960431969902447,0.21668774917319522,0.0,0.6666666666666666,0.8550420168067226,1.0,1.0,1
data/marbling_dataset/L1/4_jpg.rf.9e56a872e649347cc6b9cddc1c1619b7.jpg,94,30.95744680851064,100.48879623995505,4.0,6.25,11.0,20.75,949.0,19.620684635131916,35.409697401685406,4.0,7.414213538169861,11.656854152679443,18.985281229019165,330.5512965917587,0.7786521992762325,0.2344522864605863,0.0,0.6027777777777777,0.8467592592592592,1.0,1.0,1
data/marbling_dataset/L1/25_jpg.rf.797a5240d12dccde96414e2dc81fb2fe.jpg,17,145.88235294117646,330.38044024142476,4.0,9.0,21.0,119.0,1361.0,48.389673590660095,78.74890940438506,4.828427076339722,9.656854152679443,17.899494767189026,62.28427052497864,332.69343173503876,0.8022790688893874,0.17769956227608957,0.3509101415775787,0.7407407407407407,0.8666666666666667,0.9049773755656109,1.0,1
data/marbling_dataset/L1/6_jpg.rf.e274a80358edb5d03deadb01ef0d30d4.jpg,40,25.925,38.360227466505606,4.0,6.75,14.0,25.0,194.0,17.12964632213116,14.86684148372152,4.0,7.267766922712326,12.242640614509583,21.33883461356163,69.11269772052765,0.8235900979180955,0.18018904215290285,0.36,0.7377873563218391,0.8448773448773449,1.0,1.0,1
data/marbling_dataset/L1/0_jpg.rf.f60dfb86db35756bdb9e53c587233517.jpg,25,26.76,68.79757747673,4.0,6.0,8.0,16.0,352.0,17.129301404953004,27.142868081609127,4.0,6.828427076339722,8.242640614509583,14.242640614509583,142.36753046512604,0.8356738579506252,0.2000809965393905,0.3793103448275862,0.6842105263157895,0.875,1.0,1.0,1
data/marbling_dataset/L1/19_jpg.rf.d94a856122476cd1f9dcb3219f9d043c.jpg,4,124.25,205.85978237625727,17.0,20.75,23.5,127.0,433.0,35.02081507444382,34.76629434145819,15.656854152679443,17.156854152679443,18.656854152679443,36.52081507444382,87.11269783973694,0.8193047644133362,0.15931223211031395,0.5833333333333334,0.794481981981982,0.884045335658239,0.908868118089593,0.9257950530035336,1
data/marbling_dataset/L1/16_jpg.rf.0bad8bb736aa4c990a1ae4461fad1622.jpg,0,-1.0,-1.0,-1.0,-1.0,-1.0,-1.0,-1.0,-1.0,-1.0,-1.0,-1.0,-1.0,-1.0,-1.0,-1.0,-1.0,-1.0,-1.0,-1.0,-1.0,-1.0,1
data/marbling_dataset/L1/17_jpg.rf.988bb118d69a15b6bd7547588dc5945a.jpg,2,31.5,23.33452377915607,15.0,23.25,31.5,39.75,48.0,18.949747383594513,8.656854198149567,12.828427076339722,15.889087229967117,18.949747383594513,22.01040753722191,25.071067690849304,0.9054834054834054,0.023468190428990773,0.8888888888888888,0.8971861471861471,0.9054834054834054,0.9137806637806638,0.922077922077922,1
data/marbling_dataset/L1/15_jpg.rf.6bce0b59d8e7fdd514bdd0bf53c83216.jpg,102,36.55882352941177,134.80154636194834,4.0,6.0,9.0,23.0,1318.0,22.355471868141024,43.88530830519557,4.0,7.414213538169861,11.656854152679443,20.42462107539177,404.96045768260956,0.7211067950154122,0.2367183360439468,0.13333333333333333,0.565126484254001,0.75,0.9384164222873901,1.0,1
data/marbling_dataset/L1/22_jpg.rf.2fa20b7037852cad4fdc38de7d5b3c06.jpg,1,27.0,-1.0,27.0,27.0,27.0,27.0,27.0,20.242640614509583,-1.0,20.242640614509583,20.242640614509583,20.242640614509583,20.242640614509583,20.242640614509583,0.868421052631579,-1.0,0.868421052631579,0.868421052631579,0.868421052631579,0.868421052631579,0.868421052631579,1
data/marbling_dataset/L1/24_jpg.rf.b2fbe4efd50e9e1eb4530631aaf4534a.jpg,28,50.92857142857143,68.68065044851967,4.0,8.5,18.5,49.5,273.0,27.50497037598065,26.057678814204444,4.828427076339722,8.242640614509583,15.071067690849304,33.702795535326004,90.08326077461243,0.7944011560043434,0.17669314468284286,0.373134328358209,0.6996635610766045,0.8192640692640694,0.9333333333333333,1.0,1
data/marbling_dataset/L2/22_jpg.rf.4d56fdbf71f8adeb693fcce256574efd.jpg,88,442.5681818181818,3703.0200591566063,4.0,6.75,10.0,20.0,34767.0,67.77663421224464,373.0872084465761,4.0,6.828427076339722,10.242640614509583,17.278174459934235,3487.0734872817993,0.7938957433699628,0.2290487602021506,0.0,0.6446428571428572,0.8551093796823495,1.0,1.0,2
data/marbling_dataset/L2/5_jpg.rf.96476d4300e4e44ddb219c84ff0b906f.jpg,4,149.75,161.09288211049756,20.0,20.0,113.5,243.25,352.0,60.58757147192955,54.336908167817796,13.656854152679443,16.656854152679443,51.74873685836792,95.67945417761803,125.19595801830292,0.7631692755100068,0.1590365703046519,0.6637168141592921,0.6753913549342453,0.6944801439403676,0.782258064516129,1.0,2
data/marbling_dataset/L2/9_jpg.rf.f491f6042162605facbd73ec9fd8db70.jpg,71,84.49295774647888,321.7799546824079,4.0,6.5,13.0,29.5,2508.0,31.136644793228363,67.56507524227618,4.0,7.414213538169861,12.828427076339722,24.84924203157425,473.4873683452606,0.7738597925280402,0.22746173931621266,0.0,0.6298076923076923,0.8275862068965517,1.0,1.0,2
data/marbling_dataset/L2/30_jpg.rf.c40c9d2bc2ecee2fda3094917d366546.jpg,72,73.73611111111111,149.15007972929513,4.0,8.75,17.5,62.5,996.0,31.123889403210747,42.21941309063833,4.0,9.267766922712326,15.071067690849304,32.58147522807121,266.69343173503876,0.8234304663768091,0.19320535151573487,0.0,0.7424999999999999,0.8603896103896104,0.9897260273972602,1.0,2
data/marbling_dataset/L2/3_jpg.rf.41b1b12e837e129db5fe0618ad2a76e3.jpg,14,60.357142857142854,57.70029615022938,5.0,16.5,46.0,67.0,188.0,36.497175506183076,29.08438330641418,5.414213538169861,14.656854152679443,29.020815074443817,54.688076704740524,100.08326017856598,0.779397212377501,0.22860924077710176,0.3289902280130293,0.6265304004980286,0.8634284813120958,0.9811320754716981,1.0,2
data/marbling_dataset/L2/0_jpg.rf.09716e81f484f56e496f065101ffc107.jpg,1,8.0,-1.0,8.0,8.0,8.0,8.0,8.0,13.071067571640015,-1.0,13.071067571640015,13.071067571640015,13.071067571640015,13.071067571640015,13.071067571640015,0.2727272727272727,-1.0,0.2727272727272727,0.2727272727272727,0.2727272727272727,0.2727272727272727,0.2727272727272727,2
data/marbling_dataset/L2/27_jpg.rf.098b8fd1555ffecb5a15d782d75a0818.jpg,43,112.23255813953489,241.93769733325803,5.0,10.0,21.0,76.5,1214.0,45.56272479822469,71.36002195104729,5.414213538169861,9.535533845424652,19.071067690849304,43.21320307254791,360.57568073272705,0.8122302662055123,0.19705245255004578,0.3598466698610446,0.7161910669975187,0.8444444444444444,1.0,1.0,2
data/marbling_dataset/L2/2_jpg.rf.8620eca69d7e07b631731d3abf383f96.jpg,6,29.0,28.705400188814647,7.0,12.0,17.0,34.0,83.0,24.45177948474884,21.873663946440875,6.828427076339722,13.863960921764374,14.899494767189026,26.435028612613678,66.28427076339722,0.768998353484475,0.18999574330894167,0.5488372093023256,0.6103896103896104,0.7668621700879765,0.9216129032258065,1.0,2
data/marbling_dataset/L2/24_jpg.rf.87221c3412aea97e738a4eeadb2935ce.jpg,186,96.03225806451613,699.2866782752634,4.0,6.0,11.0,30.0,9488.0,36.841175251750535,160.39915132815204,4.0,6.9748736917972565,11.656854152679443,27.14213529229164,2158.1748708486557,0.7501531348160698,0.24289987474157682,0.0,0.593698175787728,0.7947368421052632,1.0,1.0,2
data/marbling_dataset/L2/1_jpg.rf.68caa7a19c4e7df39bd5e248f32d6334.jpg,41,183.0731707317073,829.0359277571722,6.0,9.0,23.0,55.0,5341.0,49.99817290538695,149.57896322695117,6.0,8.828427076339722,18.242640614509583,32.14213538169861,970.548330783844,0.8438190356096766,0.1561803714667596,0.4350334338534155,0.75,0.8888888888888888,1.0,1.0,2
data/marbling_dataset/L2/25_jpg.rf.0bfc24a0beb2a151cdb4d9b0a43d5fe3.jpg,83,153.06024096385542,534.5056605919336,4.0,6.0,14.0,45.0,4208.0,50.1199737844697,126.02129474907923,4.0,7.121320307254791,14.485281229019165,33.970562398433685,1000.5310856103897,0.7239174116352683,0.26627902006013515,0.0,0.5790447416661009,0.7647058823529411,1.0,1.0,2
data/marbling_dataset/L2/26_jpg.rf.5dcc6619b8b7ac7c9d589f361f8e45cc.jpg,45,111.62222222222222,263.80005245785617,4.0,12.0,26.0,70.0,1588.0,40.39594320986006,54.1271311943085,4.828427076339722,11.41421353816986,20.727921843528748,41.21320295333862,303.07820749282837,0.7377768372071827,0.2443699721868113,0.0,0.6551724137931034,0.7796610169491526,0.9151785714285714,1.0,2
data/marbling_dataset/L2/20_jpg.rf.73f0c592b93787a8420c4ac9b7d1b621.jpg,207,75.10628019323671,353.60139962214043,4.0,6.0,10.0,24.5,3903.0,33.36076781657583,107.54985910245594,4.0,6.535533845424652,10.242640614509583,22.313708305358887,1085.6437836885452,0.7750473160747566,0.24607054347436597,0.0,0.6251155889120663,0.831858407079646,1.0,1.0,2
data/marbling_dataset/L2/16_jpg.rf.21fcb420204d921981da0dfcd07d41dc.jpg,11,84.36363636363636,67.61549042530524,4.0,40.0,63.0,119.0,233.0,41.59132848002694,24.506568330008236,5.414213538169861,27.677669048309326,40.14213538169861,58.384775936603546,81.01219236850739,0.700763698731899,0.14133961649448654,0.5,0.6306818181818181,0.6931818181818182,0.7620925014024809,0.9651741293532339,2
data/marbling_dataset/L2/7_jpg.rf.a98821e98efc5a8cd833359595ed695d.jpg,60,51.583333333333336,166.21165714760025,4.0,7.0,12.0,28.0,1262.0,26.48176262974739,40.9436394808702,4.0,8.681980460882187,13.828427076339722,26.727921843528748,288.1492758989334,0.7154047382544928,0.2301539698412564,0.0,0.5496816051904361,0.7089947089947091,0.9256410256410257,1.0,2
data/marbling_dataset/L2/4_jpg.rf.0e0b4e907f5c8c1c3a0a52f7558c9244.jpg,15,66.66666666666667,110.05820970654358,5.0,6.5,22.0,65.5,416.0,30.967787090937296,31.7973816534614,5.414213538169861,9.656854152679443,17.41421353816986,39.79898953437805,117.39696836471558,0.7448610352916609,0.244691532914807,0.2,0.6535758356134986,0.810880829015544,0.9252136752136753,1.0,2
data/marbling_dataset/L2/17_jpg.rf.c482fb1986b7f63c3f6c0fb483c938d2.jpg,6,38.833333333333336,36.89670265303753,9.0,13.25,20.0,65.0,93.0,33.19932635625204,26.502044755185658,11.071067690849304,12.778174459934235,21.485281229019165,56.85964968800545,66.62741661071777,0.678435768824785,0.18737205824021602,0.46859903381642515,0.5579710144927537,0.6717171717171717,0.7218234981392876,1.0,2
data/marbling_dataset/L2/13_jpg.rf.c76a2a0cd506d58903d634f8417bd7e4.jpg,74,542.2702702702703,3780.7832387689314,4.0,11.25,40.0,115.25,32569.0,71.10286098879737,273.3148250911856,4.0,10.242640614509583,24.727921843528748,50.0416302382946,2351.4053177833557,0.8116814807780844,0.158806402250771,0.3333333333333333,0.7075587876902336,0.8259408602150538,0.9513546798029556,1.0,2
data/marbling_dataset/L2/28_jpg.rf.eec676decd0e73be07ed0a41227852bd.jpg,304,47.01315789473684,137.9573754826497,4.0,5.0,10.0,25.0,1215.0,29.64907814719175,62.580832049755855,4.0,6.181980460882187,10.535533845424652,23.4601548910141,614.8843373060226,0.7455959060033518,0.2582872415907051,0.0,0.5377159248518472,0.8,1.0,1.0,2
data/marbling_dataset/L2/18_jpg.rf.69c69922ab7c92956eeb464d180fa1b3.jpg,27,285.3703703703704,646.7441027739908,4.0,22.0,71.0,139.5,3100.0,69.85189660831735,110.25430602598539,4.0,16.48528116941452,33.55634880065918,59.870057225227356,513.5878732204437,0.7985931537008829,0.17497775280395345,0.3333333333333333,0.6988023991501959,0.875,0.9021999043519847,1.0,2
data/marbling_dataset/L2/14_jpg.rf.239b6df604245dcdb30d1a581166a61e.jpg,12,98.0,147.23080211324358,4.0,15.25,46.0,71.25,490.0,37.61700904369354,44.15427166763707,4.828427076339722,12.949747383594513,27.14213538169861,33.90990224480629,164.1248904466629,0.8792671982772172,0.13673137146523265,0.5081967213114754,0.8532229965156795,0.9061561862066205,0.97,1.0,2
data/marbling_dataset/L2/23_jpg.rf.d3c4c6f8e6979ced39840a530d012334.jpg,145,185.62758620689655,1049.4639236350595,4.0,9.0,19.0,61.0,11994.0,49.465924820406684,129.86091464225865,4.0,10.242640614509583,19.899494767189026,39.79898941516876,1063.820408463478,0.7134622610545963,0.22729146499778916,0.0,0.5477178423236515,0.75,0.8888888888888888,1.0,2
data/marbling_dataset/L2/29_jpg.rf.c91c060882f78f49eee330cc0f20e857.jpg,374,62.419786096256686,239.00334329485926,4.0,6.0,11.0,24.75,2604.0,34.695443591969536,95.89918221266058,4.0,6.828427076339722,11.656854152679443,23.69238790869713,1118.212324976921,0.7288483399959373,0.25532425535750747,0.0,0.5317708333333333,0.75,1.0,1.0,2
data/marbling_dataset/L2/31_jpg.rf.f53947319732697271a9b5e45dc203ca.jpg,36,93.30555555555556,346.2012477855243,4.0,5.75,13.5,40.75,2085.0,43.865233252445854,98.5401431113505,4.0,7.267766922712326,12.656854093074799,37.47056245803833,575.6295040845871,0.620168084787199,0.3141615365635675,0.0,0.34281200631911535,0.5799888517279822,0.9111111111111111,1.0,2
data/marbling_dataset/L2/15_jpg.rf.6ab3d86e8f2180f6a7eb613bc86b0926.jpg,0,-1.0,-1.0,-1.0,-1.0,-1.0,-1.0,-1.0,-1.0,-1.0,-1.0,-1.0,-1.0,-1.0,-1.0,-1.0,-1.0,-1.0,-1.0,-1.0,-1.0,-1.0,2
data/marbling_dataset/L2/10_jpg.rf.eaa6c3eb2d049afae1b9954e4749de1e.jpg,35,236.2,547.3514195382965,4.0,11.5,30.0,80.5,1991.0,57.707591673306055,98.7711067068143,4.828427076339722,10.535533845424652,22.485281229019165,38.2634556889534,398.4335457086563,0.853593149580986,0.1379155392242276,0.4780378748027354,0.7475636868920796,0.9055374592833876,0.9675324675324675,1.0,2
data/marbling_dataset/L2/12_jpg.rf.f8cc2f08aabcf5ea6dc50b868971167f.jpg,22,128.45454545454547,278.8156460856609,4.0,7.75,24.5,104.5,1298.0,51.5209099650383,93.23970670983526,4.828427076339722,8.560660153627396,18.949747383594513,48.33452332019806,445.0193330049515,0.7337340910555085,0.29152480459519436,0.0,0.7188552188552189,0.7964143426294821,0.9035714285714286,1.0,2
data/marbling_dataset/L2/19_jpg.rf.d1537bb08f223ab73c2f169f8315e187.jpg,90,86.93333333333334,256.8434490178225,4.0,8.0,19.0,54.0,1925.0,36.91625905831655,70.02744627090165,4.0,8.889087229967117,16.535533845424652,34.55634891986847,568.8427066802979,0.7547068854921074,0.21897162330346998,0.0,0.6117176128093159,0.7997429305912597,0.9035714285714286,1.0,2
data/marbling_dataset/L2/21_jpg.rf.d21586c4e800afb215ea04969400c92d.jpg,113,63.35398230088496,136.61670314331877,4.0,8.0,16.0,51.0,930.0,29.132180545182354,38.75485592641866,4.0,8.0,14.242640614509583,34.14213538169861,212.30865561962128,0.8158081412559247,0.18791092293489833,0.0,0.736,0.8545454545454545,1.0,1.0,2
data/marbling_dataset/L2/8_jpg.rf.b0efc057cc7786fabf5c00c9ca2ef04a.jpg,134,134.87313432835822,994.6828898967048,4.0,5.0,9.0,20.5,11437.0,39.36216821955211,188.6679765722614,4.0,6.0,9.828427076339722,19.071067690849304,2153.5474536418915,0.7830464733266395,0.25341842834889755,0.0,0.6035818446955887,0.8571428571428571,1.0,1.0,2
data/marbling_dataset/L2/11_jpg.rf.8608564f5f1e6514865153da60e9f36f.jpg,30,287.7,898.8936552497609,4.0,6.25,13.0,51.0,4584.0,57.830429875850676,108.25953324164519,4.828427076339722,6.9748736917972565,13.656854152679443,39.94543606042862,503.2863578796387,0.7544095411252967,0.20899516694532175,0.2692307692307692,0.6015350877192982,0.7573529411764706,1.0,1.0,2
data/marbling_dataset/L2/6_jpg.rf.170a8dacc8eb89aebde91e36438fdcae.jpg,58,84.5,283.2702664588169,4.0,5.0,8.5,27.75,2010.0,31.149066750345558,65.59538767912079,4.0,6.0,9.828427076339722,26.227921843528748,452.8183215856552,0.721777259392802,0.300676813918764,0.0,0.6022727272727273,0.75,1.0,1.0,2
data/marbling_dataset/L3/25_jpg.rf.2bbb747bc85996a31a9c6e39e3151347.jpg,18,34.111111111111114,43.93429437492109,4.0,5.25,9.0,41.0,134.0,28.622394329971737,32.040481192064696,4.828427076339722,5.560660153627396,11.071067690849304,35.67766913771629,96.18376541137695,0.658120932989937,0.2612430030213302,0.25,0.43771186440677967,0.6068181818181818,0.8825757575757576,1.0,3
data/marbling_dataset/L3/10_jpg.rf.c0b5c391ddef14e20bcd36ac8e569483.jpg,44,40.52272727272727,74.13830213561542,4.0,7.0,14.0,32.75,358.0,23.686481500213798,30.163732705985,4.0,8.035533845424652,15.192387998104095,23.96015492081642,159.68123924732208,0.7824299970954468,0.2101949204142828,0.3333333333333333,0.6119439071566731,0.8374587458745875,1.0,1.0,3
data/marbling_dataset/L3/20_jpg.rf.d2d66e09019fef857ffde5bd552d2799.jpg,204,128.87254901960785,615.9678542499864,4.0,8.0,15.0,48.0,7616.0,43.24995534209644,128.42532261201129,4.0,7.656854152679443,15.363960921764374,32.84924215078354,1627.096660733223,0.7489343600410368,0.2271772664711043,0.0,0.5918205889950917,0.7808689024390244,0.97,1.0,3
data/marbling_dataset/L3/5_jpg.rf.a268fa5c2562d9959e65c89fe52ed48f.jpg,78,32.57692307692308,75.29190281411826,4.0,7.25,10.0,17.0,561.0,22.85990097736701,35.14755409609411,4.828427076339722,7.803300768136978,10.363960862159729,18.667261689901352,227.96550965309143,0.7726665279082338,0.243010619439747,0.0,0.5471506105834464,0.8571428571428571,1.0,1.0,3
data/marbling_dataset/L3/13_jpg.rf.007a68c3760f89b16106b1506681d46c.jpg,82,1058.8170731707316,6005.431506845166,4.0,5.0,13.5,60.25,50142.0,109.90834375852492,451.66041954437054,4.0,6.828427076339722,12.535533845424652,36.096193969249725,3586.972980618477,0.8006366665906489,0.1967538794067077,0.0,0.6666666666666666,0.8559907834101382,1.0,1.0,3
data/marbling_dataset/L3/14_jpg.rf.647ae5e08f19ef457eddcd74215f5697.jpg,89,431.02247191011236,1762.5300576258921,4.0,8.0,15.0,45.0,14356.0,87.06562255875448,255.2660213552039,4.0,8.828427076339722,14.0,30.97056245803833,1900.0255947113037,0.7090922603076969,0.2516382991424175,0.0,0.5220444791260241,0.75,0.9166666666666666,1.0,3
data/marbling_dataset/L3/23_jpg.rf.7592464dc3d767bf5fdae203b662c2f4.jpg,37,79.43243243243244,96.6515909337763,4.0,15.0,37.0,111.0,389.0,40.33887099575352,41.60715864549675,4.0,13.656854152679443,27.071067571640015,45.79898953437805,176.26702547073364,0.7655406466429984,0.1891603427092765,0.3448275862068966,0.6405228758169934,0.8,0.8955223880597015,1.0,3
data/marbling_dataset/L3/1_jpg.rf.068e4617ef5b0177a1842fe1103a728b.jpg,4,11772.0,23504.668883720387,11.0,13.25,24.0,11782.75,47029.0,269.24442559480667,506.4219088086953,10.242640614509583,13.681980460882187,18.949747383594513,274.512192517519,1028.835566997528,0.9103742481607215,0.1003152128405383,0.8035714285714286,0.8355082417582418,0.9189627820357289,0.9938287884382088,1.0,3
data/marbling_dataset/L3/2_jpg.rf.0a0c63a168991bafdd5c0bc5edd76055.jpg,2,23.0,25.45584412271571,5.0,14.0,23.0,32.0,41.0,18.60660147666931,15.485281170144976,7.656854152679443,13.131727814674377,18.60660147666931,24.081475138664246,29.55634880065918,0.6025641025641026,0.14504754485877902,0.5,0.5512820512820513,0.6025641025641026,0.6538461538461539,0.7051282051282052,3
data/marbling_dataset/L3/18_jpg.rf.bd766051a57a22562d0739cc0d61adf0.jpg,58,81.56896551724138,162.03975168219327,4.0,7.25,16.0,72.25,802.0,34.56716639420082,49.34049151171844,4.0,7.414213538169861,16.363960921764374,35.40990224480629,267.37972342967987,0.7917590247840236,0.22073780671530296,0.0,0.6282853654795781,0.8819444444444444,1.0,1.0,3
data/marbling_dataset/L3/9_jpg.rf.9271a6bb94921fc63b55c06efe06f75d.jpg,36,67.47222222222223,270.773440996724,4.0,5.0,8.0,21.5,1624.0,29.552879727549023,77.90100119068512,4.0,5.414213538169861,8.535533845424652,17.863960921764374,458.9015829563141,0.8054216820222307,0.21178291100343813,0.3407473309608541,0.6960526315789474,0.8838383838383839,1.0,1.0,3
data/marbling_dataset/L3/6_jpg.rf.80318c44c149b1f4d627feff14e447c7.jpg,83,34.31325301204819,98.7989986755375,4.0,6.0,9.0,26.5,855.0,22.804467011647052,41.808247128093086,4.0,6.0,9.656854152679443,24.778174459934235,339.9482653141022,0.797099404549651,0.24643017012876217,0.0,0.6559462550028587,0.8571428571428571,1.0,1.0,3
data/marbling_dataset/L3/24_jpg.rf.d81b97056bf2e5d2afe13f1dfd9e41a7.jpg,96,62.229166666666664,122.04412309675604,4.0,8.0,15.0,46.25,692.0,32.55190714200338,43.33353414350114,4.0,8.828427076339722,14.656854152679443,30.08147519826889,197.23758828639984,0.7258828803187019,0.25064925964054463,0.0,0.5704633204633205,0.7819293478260869,0.9088541666666666,1.0,3
data/marbling_dataset/L3/16_jpg.rf.5ae05c409f258e1b4a2512f4c9229351.jpg,79,997.9873417721519,7914.37821956986,4.0,8.5,26.0,72.0,70403.0,77.94156140768075,340.0452209678444,4.0,8.41421353816986,18.485281229019165,39.38477599620819,2986.826671361923,0.7619561342617357,0.24833143841244135,0.0,0.6794871794871795,0.8333333333333334,0.943215972520395,1.0,3
data/marbling_dataset/L3/26_jpg.rf.e70951c1aec4be1a09158f8b4ea5e31c.jpg,24,53.75,56.689275114817605,4.0,9.0,32.0,88.0,171.0,36.148057639598846,33.478747787095564,4.0,10.035533845424652,22.19238793849945,60.16295039653778,117.63960886001587,0.726609534569545,0.2181477074806436,0.37538940809968846,0.5282306163021868,0.7274509803921568,0.9575471698113207,1.0,3
data/marbling_dataset/L3/19_jpg.rf.8e81a0fd85dfb28d91929cffaf1c5f52.jpg,86,127.32558139534883,324.4240305112853,4.0,10.25,28.0,90.25,2253.0,43.63922072427217,73.30694852139386,4.0,9.656854152679443,18.778174459934235,41.409902304410934,423.8893895149231,0.8301401676347371,0.1879467180218438,0.0,0.7437613430127041,0.8888339920948616,0.9693689745836985,1.0,3
data/marbling_dataset/L3/7_jpg.rf.bbd55d6bd5feb03df4ae1714967c3a64.jpg,58,76.91379310344827,198.7226123231019,4.0,6.0,10.0,34.0,1080.0,43.677494951363265,90.54318585319754,4.0,6.828427076339722,11.535533845424652,31.081475228071213,487.9726502895355,0.7192344488355933,0.2609769008753676,0.0,0.5222360028348689,0.7877551020408163,1.0,1.0,3
data/marbling_dataset/L3/4_jpg.rf.4ce81c320f4009a7f68429cff1697eef.jpg,37,50.2972972972973,122.6376471255564,4.0,7.0,12.0,20.0,701.0,26.592457152701712,45.77473481077718,5.414213538169861,7.414213538169861,10.828427076339722,21.899494767189026,256.0071395635605,0.7991393517498451,0.2681717790396048,0.0,0.7307692307692307,0.875,1.0,1.0,3
data/marbling_dataset/L3/3_jpg.rf.3754464dc4b3ac16cb02fbb789462b42.jpg,10,74.7,138.78924870304456,4.0,6.5,14.0,39.5,437.0,33.41492751836777,46.07379132536305,6.2426406145095825,9.681980460882187,14.77817440032959,24.727921843528748,152.95331716537476,0.6301899455321613,0.2688294414029178,0.1,0.5,0.7005347593582887,0.8410384068278804,0.926829268292683,3
data/marbling_dataset/L3/21_jpg.rf.a1b9c19cfdfdb8cbd7b3a79b5d812af0.jpg,167,174.48502994011977,1131.6640634417045,4.0,6.0,15.0,42.0,12820.0,50.26612311780096,188.44176623698053,4.0,7.535533845424652,14.485281229019165,32.97056245803833,1668.8296365737915,0.7537198420926069,0.24786690341632936,0.0,0.6076923076923078,0.803921568627451,1.0,1.0,3
data/marbling_dataset/L3/22_jpg.rf.7e93011d2f085e67ddcbc95f41a7a27e.jpg,29,3967.5172413793102,21238.618248741222,4.0,6.0,11.0,38.0,114397.0,143.32810517015128,684.2081286311292,5.414213538169861,7.414213538169861,11.656854152679443,25.313708305358887,3700.466279745102,0.7204318588711192,0.3376711666114912,0.0,0.6455696202531646,0.8383838383838383,1.0,1.0,3
data/marbling_dataset/L3/17_jpg.rf.88d4df1043a26dfd2b84409baa540f9d.jpg,147,222.42857142857142,2085.8031960380968,4.0,7.0,13.0,34.0,25294.0,60.822383568400426,400.0536227253367,4.0,8.242640614509583,13.071067690849304,28.020815014839172,4844.956944465637,0.7469020672832326,0.2252531311155727,0.0,0.6026315789473684,0.7857142857142857,0.9215384615384616,1.0,3
data/marbling_dataset/L3/12_jpg.rf.25eec77c49305e1cba77fde75d63453e.jpg,26,164.19230769230768,241.77857956912055,4.0,26.5,55.0,182.75,1125.0,55.22413655427786,55.57813132945668,4.0,20.46015492081642,36.72792184352875,70.5979790687561,269.23758816719055,0.8068164541017736,0.11272391992755623,0.5613299804414641,0.7488174972565936,0.8183812698843289,0.8831924801655743,1.0,3
data/marbling_dataset/L3/8_jpg.rf.4f3137d1a4f368ac3ca19fc9fbd868c4.jpg,62,483.241935483871,3128.679833074122,4.0,6.0,12.5,30.5,24595.0,66.10827575960467,233.96689056481068,4.0,6.20710676908493,11.949747383594513,18.485281229019165,1657.9524394273758,0.807202091851514,0.25622196268577535,0.0,0.6263778238568155,0.9343915343915343,1.0,1.0,3
data/marbling_dataset/L3/15_jpg.rf.e8cdeae808540616b963297c9329754d.jpg,216,57.9537037037037,191.02825234902062,4.0,7.75,14.0,38.0,2476.0,29.750421584204393,54.779495474232675,4.0,7.914213538169861,15.071067690849304,28.106601536273956,640.9259670972824,0.7709059441788116,0.22713821944894022,0.0,0.6060606060606061,0.8181818181818182,1.0,1.0,3
data/marbling_dataset/L3/0_jpg.rf.29e565669983b37a80d8931746a721d3.jpg,18,79.22222222222223,78.97472086653876,4.0,17.25,47.5,116.75,245.0,36.70231646961636,29.35471798783534,4.828427076339722,15.510407537221909,25.313708245754242,50.34924215078354,109.8822500705719,0.80637798182578,0.17060423546516246,0.3333333333333333,0.7089343624335193,0.85,0.9255952380952381,1.0,3
data/marbling_dataset/L3/27_jpg.rf.225455557fd27a2917b10816caf67d9e.jpg,163,121.06748466257669,502.3990977722785,4.0,7.0,16.0,39.0,4574.0,38.838869489775114,96.59131209710662,4.0,7.949747383594513,14.242640614509583,25.435028612613678,730.523946762085,0.7800222072488062,0.22471768416041846,0.0,0.664319248826291,0.8301886792452831,0.9730989956958394,1.0,3
data/marbling_dataset/L3/11_jpg.rf.125f2410209cf24b36bc6365059d2d52.jpg,76,35.61842105263158,92.82642829212857,4.0,7.0,11.0,25.5,709.0,25.777814568657625,53.3726323290303,4.0,8.181980460882187,10.828427076339722,22.485281139612198,413.2030974626541,0.7665467864985678,0.26252609102063257,0.0,0.5909212880143113,0.8416666666666667,1.0,1.0,3
data/marbling_dataset/L3/28_jpg.rf.d16ca715538d87a985bcb373c6530439.jpg,147,78.00680272108843,457.7374149545746,4.0,6.0,10.0,26.0,5364.0,37.74423595674995,160.8070005276027,4.0,6.828427076339722,11.071067690849304,23.727921903133392,1888.3514956235886,0.7369376902477802,0.23219340552717344,0.0,0.5693923480870218,0.7692307692307693,1.0,1.0,3
data/marbling_dataset/L4/9_jpg.rf.f2505865785fe45082a9999ec2cb8112.jpg,59,45.96610169491525,67.92058397602787,4.0,7.0,16.0,57.0,397.0,33.385567210488404,39.445327958186034,5.414213538169861,8.535533845424652,18.485281229019165,40.9203097820282,226.83556699752808,0.6543305020042108,0.2563327573832928,0.0,0.4634857895727461,0.6481481481481481,0.8516483516483516,1.0,4
data/marbling_dataset/L4/27_jpg.rf.5acd79fc27a6bc3e7482ed14dabb3016.jpg,21,43.714285714285715,51.73890495279433,4.0,17.0,26.0,40.0,169.0,29.002081774529955,21.43282269315901,4.0,17.656854152679443,23.313708305358887,31.899494767189026,96.91168713569641,0.6599072188761035,0.22801733836114668,0.0,0.532150776053215,0.7131782945736435,0.7903225806451613,1.0,4
data/marbling_dataset/L4/21_jpg.rf.91a71228cdd882f2429cb862f6e35db9.jpg,70,57.114285714285714,168.35646644236942,4.0,5.0,9.0,25.25,1234.0,30.314999685968672,70.09839633155568,4.0,6.389087229967117,9.949747383594513,22.33883461356163,520.8010759353638,0.7345344000186304,0.25071186386416033,0.0,0.5677083333333334,0.758495145631068,1.0,1.0,4
data/marbling_dataset/L4/12_jpg.rf.7b612b27e68c5f365d56328cde1cdc31.jpg,74,73.85135135135135,250.1509507254245,4.0,8.0,15.0,41.75,2037.0,30.364579893447257,52.63819042229179,4.0,8.535533845424652,14.949747383594513,27.106601536273956,384.39191567897797,0.7439640437977123,0.23897344744633486,0.0,0.6320638820638821,0.7862580890749904,0.9316176470588236,1.0,4
data/marbling_dataset/L4/8_jpg.rf.c1a628dcccc2e677255d2b3ed5ab4511.jpg,68,51.544117647058826,117.2839943812275,4.0,6.75,12.5,30.5,645.0,31.479071920408924,53.780922279761,4.0,7.596193999052048,13.363960921764374,24.60660144686699,306.14927530288696,0.7261445102207142,0.266644257504062,0.0,0.5677092589301581,0.791304347826087,0.9732142857142857,1.0,4
data/marbling_dataset/L4/11_jpg.rf.f48153de2afd9bacd132549bda879320.jpg,54,40.0,170.67966243759483,4.0,6.25,9.5,12.75,1259.0,25.28674821279667,88.13120588766786,4.0,6.9748736917972565,9.121320307254791,12.389087229967117,653.854898929596,0.8596683669717676,0.21106294059319639,0.0,0.8021276595744681,0.9291666666666667,1.0,1.0,4
data/marbling_dataset/L4/15_jpg.rf.8a73947550e7af47e530c5477d3f3373.jpg,99,23.727272727272727,45.14417226425645,4.0,5.0,8.0,19.5,270.0,20.362459185147525,25.800919588224478,4.0,6.828427076339722,10.828427076339722,23.192387998104095,135.15432798862457,0.5903930673366706,0.30002308729403226,0.0,0.3967741935483871,0.5695364238410596,0.873015873015873,1.0,4
data/marbling_dataset/L4/31_jpg.rf.ac5db4d55c696ca818c733b84858df50.jpg,27,31.11111111111111,32.00520790954705,4.0,14.0,25.0,33.5,164.0,21.315888819871127,13.540937146523225,4.0,13.656854152679443,19.313708186149597,24.192387998104095,63.455843687057495,0.796955805711209,0.15805016848301062,0.46226415094339623,0.6887934400624756,0.825,0.9273913043478261,1.0,4
data/marbling_dataset/L4/7_jpg.rf.127a1a78749f68a152a15bf51ae8a230.jpg,84,211.77380952380952,1390.6232922659326,4.0,8.0,15.0,27.5,12669.0,42.50163589346977,142.11574009182624,4.0,8.0,13.071067690849304,19.278174459934235,1232.3473209142685,0.8310525943416416,0.1966186679871223,0.0,0.6978818998716303,0.8888888888888888,1.0,1.0,4
data/marbling_dataset/L4/10_jpg.rf.0a08d699ed6f55388b915aee352b3677.jpg,42,363.64285714285717,2089.179309300939,4.0,9.0,14.0,25.5,13559.0,58.20041690837769,234.18452051485667,4.0,8.828427076339722,11.949747383594513,22.520815074443817,1524.3372155427933,0.8003127150148256,0.24077826502488398,0.0,0.735,0.8815701929474384,0.9870689655172413,1.0,4
data/marbling_dataset/L4/16_jpg.rf.0e0821454df9e1f14801c15597d01423.jpg,99,102.94949494949495,249.20810800750667,4.0,8.0,17.0,53.5,1812.0,39.66485597750153,66.48946638892436,4.0,8.828427076339722,15.071067690849304,36.50609624385834,492.51680624485016,0.7409201651748157,0.1967858621345039,0.0,0.6096824469121371,0.75,0.889272030651341,1.0,4
data/marbling_dataset/L4/24_jpg.rf.0b133cd7d61af5588c9813f96a3cafc8.jpg,100,592.81,3484.9549007849514,4.0,7.0,17.5,56.25,29051.0,88.32702444314957,353.18105514329994,4.0,8.096193999052048,14.48528116941452,35.55634891986847,2557.980999112129,0.7590698432101647,0.24315116010159418,0.0,0.609631191321082,0.8523809523809524,0.95875,1.0,4
data/marbling_dataset/L4/25_jpg.rf.7cc4c0939051257b7a64558b7760c7ac.jpg,69,141.97101449275362,349.2718884889844,4.0,14.0,37.0,107.0,2423.0,48.275824006052986,87.37775895128968,4.0,13.071067690849304,25.55634891986847,54.87005698680878,665.1686075925827,0.7858204428822375,0.195245383174369,0.0,0.6923076923076923,0.8125,0.9192546583850931,1.0,4
data/marbling_dataset/L4/23_jpg.rf.45bdbf6a653e7c7052aaaba56d2929c7.jpg,57,803.438596491228,5718.4160332384,4.0,8.0,19.0,56.0,43216.0,104.82040481609211,596.716995750351,4.0,8.828427076339722,15.656854152679443,30.14213538169861,4526.30810880661,0.7509037186132469,0.25439018532956376,0.0,0.5806451612903226,0.8571428571428571,0.9209302325581395,1.0,4
data/marbling_dataset/L4/14_jpg.rf.4697e012b089838e6af2b2a3f2fa0e3b.jpg,3,343.6666666666667,540.7072528950702,27.0,31.5,36.0,502.0,968.0,90.99831581115723,114.2186168090654,22.485281229019165,25.071067690849304,27.656854152679443,125.25483310222626,222.85281205177307,0.6777834268807931,0.056488177542822385,0.6125617501764291,0.6611195847656339,0.7096774193548387,0.7103942652329749,0.7111111111111111,4
data/marbling_dataset/L4/19_jpg.rf.4ddde6b0aced9488721a99857dd7bbb4.jpg,103,79.13592233009709,177.89289841019013,4.0,6.5,19.0,76.0,1389.0,31.97192210132636,41.51551490041849,4.0,7.414213538169861,16.242640614509583,41.677669048309326,227.0365777015686,0.8250725692189296,0.17079154539065686,0.18181818181818182,0.7364379084967321,0.8333333333333334,1.0,1.0,4
data/marbling_dataset/L4/22_jpg.rf.0a65c8155ac862380a39970697ba361b.jpg,55,29.78181818181818,45.90517235001791,4.0,6.0,11.0,36.5,281.0,21.579217945445667,20.951832089646878,4.0,7.828427076339722,13.071067690849304,29.556348860263824,102.32590091228485,0.7437759529746597,0.21472565444457667,0.14285714285714285,0.5922535211267606,0.7692307692307693,1.0,1.0,4
data/marbling_dataset/L4/20_jpg.rf.1bcd1f2801a8dbec25858287f02f1e87.jpg,47,35.276595744680854,60.641391420188434,4.0,7.0,13.0,32.0,334.0,21.391880611155894,22.023494898474986,4.0,8.535533845424652,11.071067690849304,28.435028612613678,101.39696884155273,0.8197618638258374,0.18140552843888394,0.3793103448275862,0.6971748400852879,0.8709677419354839,1.0,1.0,4
data/marbling_dataset/L4/30_jpg.rf.afc14f7573c42d6bfd67bb84c2973552.jpg,81,912.8395061728395,5570.61395731384,4.0,7.0,16.0,47.0,45537.0,120.96394079114184,559.522086010563,4.0,8.828427076339722,15.071067690849304,30.14213538169861,3650.882582306862,0.7705756362835263,0.22362890775650246,0.0,0.6298932384341637,0.8444444444444444,0.95,1.0,4
data/marbling_dataset/L4/26_jpg.rf.d63d21f0527a6a0cab11f43bc6338183.jpg,41,230.53658536585365,1128.6227912274537,4.0,10.0,13.0,36.0,7246.0,63.91321697467711,215.70913873856628,4.0,9.41421353816986,16.242640614509583,36.3847758769989,1382.17069542408,0.7403308586230484,0.22184273796868917,0.0,0.6177777777777778,0.75,0.9333333333333333,1.0,4
data/marbling_dataset/L4/3_jpg.rf.48f440e7fb929ecde76de51e76fd42b3.jpg,78,63.0,182.99960967952128,4.0,6.0,11.0,31.25,1245.0,37.861647214645,84.72796081993758,4.0,7.414213538169861,10.535533845424652,31.935028582811356,593.7543944120407,0.7607462551610708,0.26789938747299924,0.0,0.5034615384615384,0.8564102564102565,1.0,1.0,4
data/marbling_dataset/L4/0_jpg.rf.4419c849d3c3ccccf3791fb340ab8590.jpg,105,43.885714285714286,117.84199936010427,4.0,7.0,12.0,24.0,988.0,29.61031993457249,62.10320328958488,4.0,7.414213538169861,11.656854152679443,24.485281229019165,522.8010768890381,0.7507735733566305,0.26452355104995545,0.0,0.5581395348837209,0.8275862068965517,1.0,1.0,4
data/marbling_dataset/L4/17_jpg.rf.8e2c5c04abfa03ccedc213381f99e7c7.jpg,119,88.34453781512605,199.4052358498103,4.0,10.0,19.0,61.0,1252.0,36.55362774644579,59.02114619618936,4.0,9.949747383594513,15.899494767189026,35.677669167518616,312.8355669975281,0.8304049176374574,0.17240419551108824,0.0,0.7653333333333334,0.8679245283018868,0.9848484848484849,1.0,4
data/marbling_dataset/L4/4_jpg.rf.de28d7da6049179e33525046848ea29f.jpg,92,39.68478260869565,65.43446169164454,4.0,8.0,13.0,35.0,409.0,29.849242111910943,40.146847146498345,4.0,8.242640614509583,13.656854152679443,30.874368458986282,245.5218586921692,0.7171939856039119,0.2350883798693289,0.22324159021406728,0.5327777777777778,0.7236363636363636,1.0,1.0,4
data/marbling_dataset/L4/1_jpg.rf.ddb14982b7218c86ba684f832dfbf52e.jpg,87,39.160919540229884,105.53086989819705,4.0,5.0,9.0,19.5,644.0,26.516124052562933,54.729654481911524,4.0,6.0,10.242640614509583,20.071067690849304,321.52185893058777,0.7488182916018471,0.2881519455245391,0.0,0.5872467771639043,0.8333333333333334,1.0,1.0,4
data/marbling_dataset/L4/5_jpg.rf.f5a787980d137a28c692a8963d18972d.jpg,86,70.17441860465117,215.25624630469474,4.0,7.0,11.0,31.75,1551.0,38.15435461388078,88.48304989566374,4.0,7.4748736917972565,10.949747383594513,22.374368458986282,563.7716392278671,0.7613159612885386,0.2234000309245753,0.25,0.5841325196163907,0.7965517241379311,1.0,1.0,4
data/marbling_dataset/L4/13_jpg.rf.90a8db34be0a476d8af428301e25afbe.jpg,20,212.1,470.3408506492645,4.0,6.5,21.0,146.0,1977.0,60.83488031029701,90.0070996562828,4.0,6.4748736917972565,17.606601536273956,80.80508548021317,311.70562410354614,0.7518237752145545,0.20531059496896484,0.44530461124200604,0.6187762864918357,0.7220371050179313,1.0,1.0,4
data/marbling_dataset/L4/18_jpg.rf.30e0cab4010a5d991e3b8c448bfe5a16.jpg,43,65.13953488372093,161.39637415460953,4.0,6.0,16.0,31.0,968.0,35.40746467889741,72.45434439314941,4.0,7.949747383594513,14.485281229019165,23.192387998104095,458.2741656303406,0.7629906711463892,0.24743684785588968,0.0,0.5747715130910858,0.8409090909090909,1.0,1.0,4
data/marbling_dataset/L4/28_jpg.rf.b681cbc67244e1be640230c7ed37eae0.jpg,18,21.0,20.108529065460523,4.0,6.75,10.5,35.75,71.0,16.791654467582703,11.48554851182696,4.0,7.328427076339722,13.363960921764374,27.202795445919037,38.38477599620819,0.7839533939531431,0.19626344995674783,0.4444444444444444,0.608304794520548,0.8166666666666667,0.9824561403508771,1.0,4
data/marbling_dataset/L4/6_jpg.rf.6ab0d9e7ca756f8f8f5c13147d26023c.jpg,86,78.11627906976744,335.1198352338581,4.0,6.0,11.0,21.75,2937.0,41.612541932006216,118.927666801717,4.0,6.828427076339722,12.656854152679443,22.667261689901352,955.259007692337,0.6818797029773725,0.28479739442486013,0.0,0.4716911764705882,0.7236363636363636,1.0,1.0,4
data/marbling_dataset/L4/29_jpg.rf.a8eb3226aed03fa071971b861dd664c4.jpg,124,172.58870967741936,1293.0322464813469,4.0,6.0,12.5,39.75,14381.0,52.300227003712806,248.45550442005097,4.0,6.2426406145095825,12.778174459934235,33.26345559954643,2746.3556706905365,0.7638664668524969,0.24262703334373292,0.0,0.6254935307456315,0.7693423597678917,1.0,1.0,4
data/marbling_dataset/L4/2_jpg.rf.267455a40bd53dda98b6da35f6a9d51e.jpg,64,51.609375,122.85823772698741,4.0,9.0,15.5,37.25,945.0,36.22695553675294,64.53052920131262,5.414213538169861,8.828427076339722,17.485281229019165,35.7634556889534,489.570628285408,0.6545837587742454,0.26389954274930877,0.0,0.48112603075551597,0.666083916083916,0.8581349206349206,1.0,4
data/marbling_dataset/L5/22_jpg.rf.2a3bbce3b185958fac498f0e9f5b0693.jpg,75,106.89333333333333,443.15858223553454,4.0,6.0,13.0,33.5,2763.0,49.60581286589304,163.8299202175503,4.0,6.828427076339722,13.071067571640015,25.313708305358887,1178.8397418260574,0.7208738326566663,0.2793574700225096,0.0,0.5577777777777778,0.8,1.0,1.0,5
data/marbling_dataset/L5/21_jpg.rf.40eeb7f163ac82a949739acd68d7f83a.jpg,43,33.395348837209305,59.553553144521274,4.0,6.5,12.0,32.5,369.0,21.445096986238347,26.327390426336006,4.0,7.121320307254791,10.828427076339722,24.606601417064667,157.1959582567215,0.803266326920864,0.24994121739246256,0.0,0.7265689418231791,0.8888888888888888,1.0,1.0,5
data/marbling_dataset/L5/15_jpg.rf.fef1f10cc49aff5789a7202c67e5d181.jpg,131,234.74045801526717,943.8382650546264,4.0,9.5,24.0,70.5,7226.0,70.29898865532329,184.9586531335063,4.0,10.828427076339722,19.899494767189026,42.384775936603546,1247.7859191894531,0.7300947575755745,0.20867515757974686,0.0,0.5902597402597403,0.7346938775510204,0.895,1.0,5
data/marbling_dataset/L5/19_jpg.rf.a5f19d4bfea464e6cfa269ea150f0806.jpg,201,153.38308457711443,1166.6593065297332,4.0,7.0,13.0,33.0,15678.0,47.509574307731135,191.011278578047,4.0,8.242640614509583,12.485281229019165,28.97056245803833,2094.434754371643,0.7333803404196083,0.2296851603252599,0.0,0.525,0.7888888888888889,0.9230769230769231,1.0,5
data/marbling_dataset/L5/14_jpg.rf.031ebb50817fa77b9b07431d8a146bd5.jpg,20,51.1,67.48325328319767,4.0,8.5,17.0,57.75,240.0,31.49066349864006,32.62453049163396,4.0,10.096193999052048,14.949747383594513,45.127416521310806,131.05382323265076,0.6937194801748076,0.2019670001310683,0.3125533731853117,0.575,0.6807692307692308,0.8392857142857143,1.0,5
data/marbling_dataset/L5/25_jpg.rf.f7b3eeaca484f3d6bec1fce5ec303209.jpg,47,62.234042553191486,158.80466710450315,4.0,9.0,19.0,50.5,1069.0,31.459512781589588,52.29871015370725,4.0,8.949747383594513,16.485281229019165,30.849241971969604,341.6639938354492,0.7971065614836678,0.20419194035736588,0.0,0.7381605315894948,0.8425925925925926,0.98,1.0,5
data/marbling_dataset/L5/13_jpg.rf.01f32f535724153a60ca6486564fe24a.jpg,25,39.2,70.86724678345185,4.0,6.0,12.0,40.0,337.0,23.550377864837646,32.954516205595546,4.0,6.0,10.828427076339722,25.313708305358887,161.982754945755,0.8325590801498488,0.19179709305505058,0.3597269624573379,0.7704918032786885,0.8823529411764706,1.0,1.0,5
data/marbling_dataset/L5/12_jpg.rf.c9966efa6cb02f3f01844dcc452b522c.jpg,56,30.267857142857142,41.698698942610825,4.0,6.0,13.0,41.5,239.0,24.15605778992176,26.54254032732644,4.0,6.828427076339722,12.242640614509583,30.617008805274963,131.05382239818573,0.7124397988352291,0.25602107755520437,0.0,0.5,0.75,1.0,1.0,5
data/marbling_dataset/L5/18_jpg.rf.66d948c3b409b64dbc996c7151b1b227.jpg,38,85.42105263157895,162.87893557153447,4.0,9.5,24.5,77.25,910.0,35.55744443127983,41.55291146604011,4.828427076339722,9.156854152679443,18.07106763124466,42.21320295333862,203.8233758211136,0.8215508633851224,0.15462512327686764,0.48868778280542985,0.7204968944099379,0.8685344827586207,0.921474358974359,1.0,5
data/marbling_dataset/L5/1_jpg.rf.5cc22666bcd1f6a4d28b74b34db9e017.jpg,74,75.63513513513513,356.88820913152176,4.0,6.0,10.0,23.25,2977.0,47.399539282193054,175.59591677824957,4.0,6.828427076339722,11.949747383594513,22.520814895629883,1418.3615999221802,0.7205511470151553,0.27860179146680575,0.0,0.5,0.7785204991087344,1.0,1.0,5
data/marbling_dataset/L5/20_jpg.rf.d34d7f4c7ce57dfaf4b24c196adb71de.jpg,100,85.5,171.71985054357307,4.0,10.0,26.0,76.0,1108.0,38.305364686250684,55.510454874338485,4.0,9.596193999052048,18.949747383594513,40.88477599620819,296.00713980197906,0.7895464355168867,0.20874669760824585,0.0,0.7,0.8466826538768986,0.965079365079365,1.0,5
data/marbling_dataset/L5/27_jpg.rf.98feac7307ee3b5e574f5dbdca5ed155.jpg,100,73.54,251.27229465383974,4.0,8.0,17.0,47.75,2412.0,34.33659273505211,67.04633329686487,4.0,8.181980460882187,15.071067690849304,35.884775906801224,598.8843367099762,0.7690829688828394,0.22694806044056523,0.0,0.5933398152649489,0.8426097711811997,0.9776119402985075,1.0,5
data/marbling_dataset/L5/23_jpg.rf.915030d2074730161c9fae24beab2321.jpg,267,106.53558052434457,685.2322322214065,4.0,7.0,12.0,40.0,9265.0,43.34465775954143,191.4619893977834,4.0,7.656854152679443,13.071067690849304,28.970562398433685,2766.8338109254837,0.755060234194217,0.2157069774735292,0.0,0.5811928456159225,0.7857142857142857,1.0,1.0,5
data/marbling_dataset/L5/9_jpg.rf.e5507c5d8c18c33f1067ac5250e04056.jpg,165,61.28484848484848,154.25137094938086,4.0,7.0,16.0,41.0,1136.0,33.683025133971014,55.379616420004574,4.0,7.656854152679443,14.242640614509583,33.55634891986847,376.61731123924255,0.745611015773448,0.22723207687437666,0.0,0.5776293823038398,0.7894736842105263,0.9545454545454546,1.0,5
data/marbling_dataset/L5/17_jpg.rf.ca0b883cb5d08890eeb313c2c4de1411.jpg,64,61.734375,101.43545014261494,4.0,8.0,16.5,52.25,434.0,32.56355038098991,42.482901459904404,4.0,7.853553384542465,14.949747383594513,33.738329350948334,205.6812391281128,0.824919210198912,0.19957520674803972,0.3413793103448276,0.7225232198142415,0.8991525423728814,1.0,1.0,5
data/marbling_dataset/L5/0_jpg.rf.7636d91645b2005eb04280de9549cece.jpg,32,69.03125,165.64117541220082,4.0,7.0,10.5,26.25,627.0,39.468722604215145,83.84942363102262,4.0,8.181980460882187,10.535533845424652,17.606601536273956,380.43354618549347,0.7828037848822194,0.3096673343010418,0.0,0.71875,0.9428104575163399,1.0,1.0,5
data/marbling_dataset/L5/8_jpg.rf.1dc99d67eefac7357859d23dba4370e0.jpg,59,151.54237288135593,589.228435359031,4.0,7.0,16.0,55.0,4300.0,54.49435342772532,169.22509236431236,4.0,7.535533845424652,13.656854152679443,32.89949470758438,1248.1706953048706,0.8348102371188388,0.17972319424081054,0.2651007863740943,0.6996047430830039,0.8888888888888888,1.0,1.0,5
data/marbling_dataset/L5/11_jpg.rf.b1c37b84bb77923756a06b0449eea427.jpg,34,56.088235294117645,211.78625125591574,4.0,7.25,12.0,25.25,1248.0,24.249479872338913,48.12973672305729,4.0,7.621320307254791,12.828427076339722,25.313708186149597,287.4213534593582,0.8294225140915695,0.1843699971941753,0.25,0.7175324675324676,0.8708333333333333,1.0,1.0,5
data/marbling_dataset/L5/3_jpg.rf.9744dd3a9348403692b2cbf4c3001752.jpg,92,165.66304347826087,1091.578072063751,4.0,8.0,15.0,34.0,10236.0,44.03894731920698,164.93791102911374,4.0,8.681980460882187,13.656854152679443,25.31370821595192,1386.0285598039627,0.7868886160482731,0.2239255075558866,0.0,0.6666666666666666,0.8424317617866005,0.9772727272727273,1.0,5
data/marbling_dataset/L5/6_jpg.rf.7d312d9010e4b52d9ae6cd446564f461.jpg,71,230.74647887323943,1751.522690349415,4.0,6.0,10.0,18.0,14775.0,53.18206054895696,316.01336569019867,4.0,6.828427076339722,8.828427076339722,16.363960921764374,2673.034821987152,0.8425800575323392,0.21491647176759038,0.0,0.7379402189997041,0.9375,1.0,1.0,5
data/marbling_dataset/L5/26_jpg.rf.3f3387823ae155ceedf932ea96b0c179.jpg,142,189.80985915492957,1318.5931624762272,4.0,7.0,12.5,40.75,15517.0,52.3805377533738,224.2428001265813,4.0,7.656854152679443,12.485281229019165,27.75304815173149,2592.6916761398315,0.7985696911156026,0.21999890316809836,0.0,0.6692307692307692,0.8562822719449226,1.0,1.0,5
data/marbling_dataset/L5/4_jpg.rf.949e75708a00fe102d13837995063d97.jpg,133,113.6842105263158,991.268947760525,4.0,6.0,10.0,17.0,11397.0,40.62108040662636,241.07072552490197,4.0,6.2426406145095825,9.656854152679443,16.485281109809875,2735.8115128278732,0.8139856298145964,0.22715679156038612,0.14285714285714285,0.6666666666666666,0.9166666666666666,1.0,1.0,5
data/marbling_dataset/L5/7_jpg.rf.845682b61e4d95dac881c2e9e904bf32.jpg,31,52.225806451612904,84.63951389172765,4.0,6.0,19.0,38.0,334.0,29.805243365226254,39.905482714868505,4.828427076339722,6.535533845424652,14.828427076339722,24.020814955234528,186.40916061401367,0.8017688171901437,0.23694589503897717,0.25,0.6505102040816326,0.92,1.0,1.0,5
data/marbling_dataset/L5/2_jpg.rf.ac2d67bc639b3d88f275720a6c1c6f00.jpg,82,47.74390243902439,116.94039961076827,4.0,6.25,12.0,31.75,897.0,37.14721220150226,76.75919623201423,4.0,8.060660153627396,13.363960921764374,28.702795535326004,583.2274825572968,0.6506360953528526,0.28805348355075006,0.0,0.46745562130177515,0.6705426356589147,0.8971535982814178,1.0,5
data/marbling_dataset/L5/24_jpg.rf.9495cc9b58f581d226c5db6db4e06ba9.jpg,69,67.07246376811594,152.69166536449117,4.0,8.0,15.0,51.0,1099.0,36.777006778164186,59.297176121438696,4.0,8.0,15.656854152679443,38.3847758769989,381.4041075706482,0.7586298969094719,0.21114606261716942,0.3070452155625657,0.6099290780141844,0.7658227848101266,1.0,1.0,5
data/marbling_dataset/L5/5_jpg.rf.149b62ed0e8f6101d1108d2362095c60.jpg,67,150.26865671641792,934.3699316406907,4.0,7.0,12.0,30.0,7659.0,53.17694374696532,236.98941089860918,4.0,6.828427076339722,10.242640614509583,28.84924215078354,1941.8073389530182,0.7616773274066791,0.2284264459417203,0.31471389645776565,0.5631115459882583,0.7948717948717948,1.0,1.0,5
data/marbling_dataset/L5/16_jpg.rf.7ef02eef2524c257f5aaba3caee43774.jpg,158,193.8860759493671,656.5796915814885,4.0,7.25,22.0,105.0,6819.0,53.674695807921736,124.22344296605853,4.0,8.828427076339722,16.949747383594513,48.617009073495865,1305.2245174646378,0.7906183558335587,0.21635191269211657,0.0,0.685380782147113,0.8252399774138905,0.9674603174603175,1.0,5
data/marbling_dataset/L5/10_jpg.rf.7626eab1bdd86e1c043542d4de5e5cd3.jpg,24,100.54166666666667,309.4404457932958,4.0,5.75,12.5,28.25,1523.0,46.72923535108566,119.37466882702124,4.828427076339722,6.621320307254791,12.242640614509583,19.60660147666931,591.8132696151733,0.6925448043825079,0.26881575302496896,0.0,0.5846774193548387,0.751410014203566,0.8695175438596492,1.0,5
data/marbling_dataset/L6/8_jpg.rf.5e7e4e9c5281db6e89c00febd0005b14.jpg,20,1577.9,6990.934896443808,4.0,5.0,6.5,21.0,31279.0,116.39919825196266,465.37740865460705,4.0,5.853553384542465,7.414213538169861,16.096193999052048,2093.0306475162506,0.7407305893688987,0.3281618344963265,0.0,0.6652901785714286,0.8484848484848485,1.0,1.0,6
data/marbling_dataset/L6/22_jpg.rf.7376871e057671bde7cbce4fe7497434.jpg,4,23231.5,46416.33489408658,12.0,16.5,29.0,23244.0,92856.0,507.69774290919304,964.4738454832813,11.656854152679443,18.535533845424652,32.43502855300903,521.5972376167774,1954.2640603780746,0.8087942998543031,0.2839153771594538,0.3904761904761905,0.7538690476190476,0.922350504470511,0.9772757567057666,1.0,6
data/marbling_dataset/L6/5_jpg.rf.eba4dea902eaafb218e3cda708570edb.jpg,2,9584.5,13548.873034315437,4.0,4794.25,9584.5,14374.75,19165.0,344.6690465807915,481.778785955267,4.0,174.33452329039574,344.6690465807915,515.0035698711872,685.338093161583,0.9917254682978831,0.011701954955419763,0.9834509365957663,0.9875882024468248,0.9917254682978831,0.9958627341489416,1.0,6
data/marbling_dataset/L6/27_jpg.rf.ab207b6ac8b6c0b6f9d98e667d3e680e.jpg,54,1845.6666666666667,12346.523530250079,4.0,12.0,34.5,92.75,90777.0,119.49452218082216,556.1016310972363,4.0,11.949747383594513,24.485281229019165,41.49568858742714,4076.7719696760178,0.8090528103484539,0.1875877400302518,0.0,0.7322996738877242,0.8578643578643579,0.9353513459018047,1.0,6
data/marbling_dataset/L6/6_jpg.rf.e2942b03cf23a94e106234ca443d632e.jpg,56,88.03571428571429,167.23972606419198,5.0,9.75,19.0,57.0,808.0,36.91064567012446,52.40280251715788,5.414213538169861,8.828427076339722,17.949747323989868,30.617008954286575,244.50966620445251,0.839410462354455,0.16610166873843643,0.43273403595784254,0.7782451923076923,0.8761792452830188,1.0,1.0,6
data/marbling_dataset/L6/16_jpg.rf.8b4aa3b3745cf27e6f89eab6cda702e7.jpg,129,123.65116279069767,651.9628134904772,4.0,7.0,13.0,43.0,7309.0,47.03739563901295,136.33926825937246,4.0,7.656854152679443,12.485281229019165,28.727921843528748,1434.195079088211,0.7497016302761272,0.22707306901754343,0.0,0.5909090909090909,0.7727272727272727,1.0,1.0,6
data/marbling_dataset/L6/18_jpg.rf.03cd80be36d907815b53ef39918fecc3.jpg,24,82.75,196.67325584638445,4.0,8.5,14.5,34.5,818.0,39.12047819793224,72.84661557724411,4.0,9.121320307254791,15.48528128862381,26.89949470758438,296.63455605506897,0.7573968071633672,0.19604931887471713,0.3035949145111793,0.6431888544891641,0.7519181585677749,0.8974137931034483,1.0,6
data/marbling_dataset/L6/25_jpg.rf.832bf244277b3ed67675f9d7757b3352.jpg,98,316.6938775510204,1287.5580051644897,4.0,17.0,37.0,126.25,11335.0,70.62452818179617,170.29053744474007,4.0,14.303300768136978,22.60660147666931,52.21320307254791,1295.8275499343872,0.8029235766905007,0.18476463222636305,0.0,0.7399395161290322,0.8466880341880342,0.9427083333333333,1.0,6
data/marbling_dataset/L6/14_jpg.rf.eb25fcceb88d90b57b88332e21fb60f6.jpg,128,53.71875,104.34036803449949,4.0,8.0,15.5,46.0,755.0,32.59171538054943,48.0954711638026,4.0,8.242640614509583,14.656854152679443,32.935028582811356,321.7056243419647,0.7496179627626655,0.20809323689365633,0.0,0.5993506493506493,0.75,0.9513888888888888,1.0,6
data/marbling_dataset/L6/19_jpg.rf.969feaf86711b6724a6342811321bcf3.jpg,24,37.916666666666664,79.21293079918897,4.0,6.75,12.0,20.0,346.0,23.192387968301773,29.37082153313273,4.0,7.267766922712326,11.828427076339722,20.106601506471634,110.66904675960541,0.7936404820774922,0.26080462863716786,0.28,0.6254396821261073,0.9205882352941177,1.0,1.0,6
data/marbling_dataset/L6/0_jpg.rf.4b1c5534b25cee9ded5da2c77671228c.jpg,32,431.53125,2199.581499555196,4.0,6.75,10.0,24.75,12465.0,64.90850868448615,224.62010825719895,4.0,7.060660153627396,11.41421353816986,20.04594138264656,1265.27625310421,0.8106655403770386,0.20539757122714558,0.361198738170347,0.6408730158730159,0.8660714285714286,1.0,1.0,6
data/marbling_dataset/L6/21_jpg.rf.dbc90f46370527838be44a02e27de0d3.jpg,48,1268.4583333333333,8530.235059389614,4.0,6.0,15.0,34.5,59135.0,84.67877219369014,420.45822367562283,4.0,7.414213538169861,13.70710676908493,30.117008864879608,2931.2043073177338,0.6925949459110545,0.28666297610684716,0.0,0.5335800438596491,0.7255639097744361,0.9494047619047619,1.0,6
data/marbling_dataset/L6/15_jpg.rf.92eeb65b6837614f8ff571d85920f376.jpg,93,55.634408602150536,134.11090356623865,4.0,8.0,16.0,47.0,793.0,30.856397772348057,52.14166481994523,4.0,8.828427076339722,15.071067571640015,32.97056233882904,366.5756813287735,0.7555328282870578,0.20607593438598576,0.0,0.6,0.7846153846153846,0.9444444444444444,1.0,6
data/marbling_dataset/L6/2_jpg.rf.be19ec878aac88b53449855c82279677.jpg,2,10110.0,14289.213834217753,6.0,5058.0,10110.0,15162.0,20214.0,439.1457052230835,610.560530844372,7.414213538169861,223.27995938062668,439.1457052230835,655.0114510655403,870.8771969079971,0.8528476589797345,0.14544855418746352,0.75,0.8014238294898672,0.8528476589797345,0.9042714884696017,0.9556953179594689,6
data/marbling_dataset/L6/7_jpg.rf.075fb5c0123d79d5dbb479d608e77938.jpg,100,56.48,200.10322992461323,4.0,6.0,11.0,28.0,1807.0,35.50972982287407,99.77820024346563,4.0,6.828427076339722,11.363960921764374,29.55634891986847,931.6193993091583,0.7289007557048817,0.2581650586073032,0.0,0.4947916666666667,0.8,1.0,1.0,6
data/marbling_dataset/L6/9_jpg.rf.63bfa765729f513af7e8ba9f66d2bd8e.jpg,72,187.375,1169.9753631389478,4.0,7.0,13.0,33.25,9897.0,58.125401289926636,280.2014552550286,4.0,7.414213538169861,11.242640614509583,22.545941293239594,2371.3119539022446,0.851567645550824,0.17408543439171723,0.3719072628152645,0.7211246200607904,0.9071428571428571,1.0,1.0,6
data/marbling_dataset/L6/11_jpg.rf.61b0e037197ed6e29f90676ec072816b.jpg,31,489.03225806451616,2215.293953163942,4.0,4.0,11.0,28.0,12313.0,86.95471688239805,280.16444959975905,4.0,5.414213538169861,9.41421353816986,20.192387998104095,1469.5087879896164,0.7779663051146442,0.26619597784752685,0.0,0.5228584622489032,0.9142857142857143,1.0,1.0,6
data/marbling_dataset/L6/1_jpg.rf.8744209aa8306fad98a1fa283e30c0aa.jpg,12,1626.1666666666667,5586.605309021559,4.0,6.0,11.0,20.75,19366.0,85.5500055551529,242.4723392317629,5.414213538169861,7.267766922712326,12.535533845424652,28.6317278444767,854.85995221138,0.6987032053901076,0.3216828051484833,0.0,0.6231060606060606,0.7663043478260869,0.946741108933072,1.0,6
data/marbling_dataset/L6/3_jpg.rf.768c74e31199a54d867e705423f8e4bb.jpg,13,1587.076923076923,5680.834980610076,4.0,5.0,7.0,14.0,20494.0,94.00164771080017,303.50323034049825,4.0,5.414213538169861,7.414213538169861,11.656854152679443,1103.837654709816,0.8627887064493276,0.2689421791584212,0.0,0.8378378378378378,0.9411764705882353,1.0,1.0,6
data/marbling_dataset/L6/26_jpg.rf.6191d3ca85e8850a63e0b76a30e6dae0.jpg,211,354.4265402843602,3392.6063429389214,4.0,8.0,19.0,51.0,48464.0,67.7563766128079,406.39376500301455,4.0,9.242640614509583,16.485281229019165,29.435028612613678,5638.478805184364,0.7786146960525331,0.2361459091459741,0.0,0.6702803549818476,0.8484848484848485,0.957427536231884,1.0,6
data/marbling_dataset/L6/10_jpg.rf.7cbe10cb0c0f3548939f4ecacbfd7513.jpg,84,61.95238095238095,242.0726717909267,4.0,6.0,10.5,26.5,2119.0,36.4140723205748,103.22763619840394,4.0,7.414213538169861,10.778174459934235,26.72792175412178,898.2051842212677,0.7240749483519051,0.2558267771255362,0.0,0.5251076040172167,0.75,1.0,1.0,6
data/marbling_dataset/L6/4_jpg.rf.8eb1c1bfd597ce2ff5e171b62cb0eecf.jpg,83,40.42168674698795,89.25670303201088,4.0,5.0,7.0,20.5,558.0,25.42007487509624,45.467225031562386,4.0,5.414213538169861,8.828427076339722,21.606601536273956,311.3208478689194,0.8033560409530142,0.2355957151350531,0.038461538461538464,0.6604469818283089,0.8666666666666667,1.0,1.0,6
data/marbling_dataset/L6/23_jpg.rf.943243d622ab55ef0ef41fd935ce3b09.jpg,54,583.9814814814815,3937.330450333359,4.0,6.25,12.5,45.5,28968.0,115.70493851988404,659.8915325088584,4.0,8.242640614509583,12.828427076339722,27.581475228071213,4865.7954795360565,0.7165119729988665,0.27311338759204595,0.0,0.5754583150707849,0.7373620907939953,0.943752594437526,1.0,6
data/marbling_dataset/L6/20_jpg.rf.a3b9de42281502477be3103ecdb51566.jpg,15,84.26666666666667,177.60086336126483,4.0,14.0,18.0,81.0,712.0,48.73787345091502,77.14140799841951,4.0,12.949747323989868,19.313708186149597,55.455843567848206,312.2914103269577,0.7003022404489432,0.2437607594429112,0.28062953995157386,0.5141287284144427,0.7142857142857143,0.9173669467787114,1.0,6
data/marbling_dataset/L6/24_jpg.rf.3f6e7a99f9910dc0025405b1e8a5937e.jpg,17,2474.470588235294,10041.091020885424,4.0,9.0,21.0,34.0,41439.0,155.1769617094713,542.7288729775736,4.0,8.0,17.071067690849304,29.071067690849304,2259.0306466817856,0.71825214249245,0.31882234086807665,0.0,0.6967213114754098,0.7692307692307693,1.0,1.0,6
data/marbling_dataset/L6/17_jpg.rf.aaa59f3f2943d488b61acb7839664bcf.jpg,20,59.8,96.44938678149444,4.0,7.5,17.0,54.25,307.0,32.10573924183846,36.96347645637901,4.828427076339722,7.303300768136978,16.778174459934235,37.67766919732094,123.11269736289978,0.7346989903648249,0.21081241614610668,0.3333333333333333,0.5694935390233625,0.719311377245509,1.0,1.0,6
data/marbling_dataset/L6/12_jpg.rf.879a8dd008df4431084c195f94a90993.jpg,85,54.705882352941174,106.45978712410525,4.0,8.0,18.0,48.0,642.0,29.7732490160886,45.54562977561827,4.0,8.828427076339722,14.242640614509583,28.97056245803833,278.1076452732086,0.8323648573566673,0.20515953956060734,0.0,0.8,0.8947368421052632,1.0,1.0,6
data/marbling_dataset/L6/13_jpg.rf.def2810bff4773ee59d4059e833a1d11.jpg,57,150.01754385964912,237.36345633016577,4.0,18.0,63.0,156.0,1131.0,49.75301972397587,59.043822195084545,5.414213538169861,14.485281229019165,29.899494767189026,57.94112479686737,326.2914102077484,0.8215252658131664,0.17244421696126536,0.0,0.7291666666666666,0.8571428571428571,0.9302325581395349,1.0,6
data/marbling_dataset/L7/18_jpg.rf.459deb85db5fa63b057cf4c31c25e014.jpg,85,353.6470588235294,2631.758775971302,4.0,8.0,14.0,25.0,24256.0,77.47119434020098,423.77025742231996,4.0,8.242640614509583,13.656854152679443,22.485281229019165,3891.673552274704,0.7784319696984497,0.2016824524969735,0.0,0.648854961832061,0.8222222222222222,0.9444444444444444,1.0,7
data/marbling_dataset/L7/6_jpg.rf.3c180fcc2104c76b7e720ad1019b0097.jpg,100,49.64,116.39166897188393,4.0,8.0,16.0,32.25,793.0,29.742480260133743,56.00707216052522,4.0,8.242640614509583,14.485281229019165,23.899494767189026,340.4924212694168,0.8062760478029604,0.2415728020966312,0.0,0.6813636363636364,0.9069264069264069,1.0,1.0,7
data/marbling_dataset/L7/12_jpg.rf.8291fd501e9d37989bc2514264f27132.jpg,22,82.63636363636364,150.63249047316182,4.0,8.25,13.0,44.5,565.0,36.61527902429754,46.008009150918916,4.0,8.389087229967117,15.778174459934235,37.702795535326004,165.09545242786407,0.7315221488757483,0.23578406055290937,0.35,0.548130547482523,0.753125,0.9821428571428572,1.0,7
data/marbling_dataset/L7/24_jpg.rf.9023e8de375ebd0c85ff90cae2ebf4cb.jpg,170,207.1764705882353,1629.3234460200904,4.0,7.0,18.0,55.0,21168.0,65.4322024212164,370.0155567073019,4.0,8.242640614509583,14.949747383594513,33.17766922712326,4805.944751858711,0.7435651046314291,0.24136550627926137,0.0,0.5801149631758578,0.798989898989899,0.9503968253968254,1.0,7
data/marbling_dataset/L7/16_jpg.rf.c7134a61df49fc261d7551dc19d8c78b.jpg,57,331.859649122807,1809.9123147524942,4.0,11.0,35.0,81.0,13669.0,79.36689871863315,318.7271628823502,4.0,10.828427076339722,27.55634880065918,42.38477575778961,2419.6622375249863,0.7740474365753421,0.21161688956891186,0.0,0.6964285714285714,0.827027027027027,0.8928571428571429,1.0,7
data/marbling_dataset/L7/9_jpg.rf.1e37bf44da4580d845c61cc9ee153ce0.jpg,51,152.6078431372549,612.0983279974346,4.0,5.0,12.0,36.0,4149.0,53.43681295245302,171.64971887437923,4.0,5.414213538169861,12.0,22.727921783924103,1163.442773103714,0.8013019750576005,0.2687044786684149,0.0,0.6051742344244984,0.9215686274509803,1.0,1.0,7
data/marbling_dataset/L7/30_jpg.rf.f39473c34e4cfe4f53e39eaab2fe565c.jpg,30,1196.0666666666666,6472.197984767075,4.0,6.0,8.0,18.0,35464.0,128.4053933262825,635.7871543182393,4.0,6.828427076339722,8.121320307254791,16.071067690849304,3494.2967948913574,0.8580276626731889,0.17010020415685143,0.4,0.7693371857649894,0.9226305609284333,1.0,1.0,7
data/marbling_dataset/L7/13_jpg.rf.6363ecc1ab36499d2a9fdd1541345a65.jpg,25,40.96,54.2835763990055,4.0,11.0,17.0,36.0,205.0,29.026155562400817,29.63479897292225,4.828427076339722,9.656854152679443,15.313708305358887,31.798989415168762,109.01219236850739,0.7533044736727474,0.22591232655224705,0.2727272727272727,0.6,0.7983870967741935,0.9444444444444444,1.0,7
data/marbling_dataset/L7/17_jpg.rf.0c7b80b6bf5d08bb6cec48c6fd0be8f4.jpg,120,609.3916666666667,5618.428088873785,4.0,6.0,15.0,64.0,61575.0,93.23490046958129,609.1297533178022,4.0,7.414213538169861,14.071067690849304,40.20279550552368,6672.666744589806,0.7409765885730503,0.25141524252585545,0.0,0.6012061677329131,0.7994169096209913,1.0,1.0,7
data/marbling_dataset/L7/11_jpg.rf.2eda3382ab65ff180e9171dbda67088a.jpg,38,167.07894736842104,563.6232391953193,4.0,5.0,13.0,46.5,3323.0,60.425654448960955,179.78536988916258,4.0,5.414213538169861,12.242640614509583,30.2634556889534,1087.2590078115463,0.8064445245635213,0.256806277346484,0.0,0.6306352459016393,0.9242857142857144,1.0,1.0,7
data/marbling_dataset/L7/7_jpg.rf.869ef00124609d6ab0a51fa99d2afd67.jpg,103,135.97087378640776,1054.8431298326361,4.0,6.0,10.0,23.5,10709.0,43.90849646318306,230.29761777592344,4.0,6.828427076339722,10.828427076339722,22.071067690849304,2335.4124586582184,0.7694378142730943,0.21126925611505326,0.16666666666666666,0.6262254901960784,0.8,1.0,1.0,7
data/marbling_dataset/L7/19_jpg.rf.7d944469fe1fb848920006e5e6c701ad.jpg,138,427.6159420289855,3599.719665326882,4.0,7.0,15.5,53.0,42051.0,89.12763465919356,551.319996213181,4.0,8.20710676908493,14.363960921764374,38.65254282951355,6427.453539729118,0.7641399098725536,0.20998650163602994,0.0,0.6190159574468085,0.8,1.0,1.0,7
data/marbling_dataset/L7/32_jpg.rf.1ef33ccfc5b2b7481988f691b1212e97.jpg,135,407.3259259259259,3118.8252903115635,4.0,9.0,19.0,65.0,34583.0,85.32373971320965,463.9309822764178,4.0,8.828427076339722,15.656854152679443,32.849242210388184,4838.381261706352,0.8026899281561964,0.19956387698903535,0.0,0.7049411764705882,0.85,1.0,1.0,7
data/marbling_dataset/L7/10_jpg.rf.6d35f45db143a54bc629cebecbab6896.jpg,42,169.35714285714286,511.9023735730148,4.0,8.0,18.0,91.5,3074.0,57.4793628567741,135.49000203536107,4.0,8.242640614509583,15.363960921764374,39.202795535326004,813.026472568512,0.8212026130373472,0.1860061396595872,0.29197572488199597,0.6887868229331644,0.8573502722323049,1.0,1.0,7
data/marbling_dataset/L7/27_jpg.rf.03d1640c1c0528f61e7d9866da8924e2.jpg,100,378.14,2453.6061978527464,4.0,10.0,17.0,59.0,24139.0,77.91759233474731,327.632927347491,4.0,10.181980460882187,16.485281229019165,37.97056245803833,3144.539435863495,0.7457291004148422,0.22420802518595986,0.0,0.6001623376623376,0.7503993610223643,0.9332706766917294,1.0,7
data/marbling_dataset/L7/20_jpg.rf.0f41229a1dbd5d24faae7f3e15e76605.jpg,69,514.9855072463768,2247.2139318874883,4.0,7.0,19.0,108.0,17145.0,102.78473874624224,324.5442248853527,4.0,7.414213538169861,17.899494767189026,49.455843448638916,2351.2875677347183,0.7567135403102901,0.23271153641453735,0.0,0.5948275862068966,0.7916666666666666,1.0,1.0,7
data/marbling_dataset/L7/31_jpg.rf.26a4b69d156bcf84925cf0765542a01f.jpg,119,387.69747899159665,3567.0895902673356,4.0,7.0,16.0,55.0,38953.0,81.64862896915244,563.6932100697713,4.0,7.70710676908493,15.071067571640015,33.091882824897766,6163.9834171533585,0.7770041703977745,0.2137782358034982,0.125,0.6317877205085247,0.8181818181818182,0.98,1.0,7
data/marbling_dataset/L7/3_jpg.rf.85fbb29f36320aad4a67d53e41155eed.jpg,63,269.36507936507934,1886.5581931602946,4.0,8.0,12.0,20.5,14985.0,62.8668665488561,346.70648974356726,4.0,8.535533845424652,12.828427076339722,18.313708186149597,2759.010438680649,0.8098274174502269,0.19647313527077406,0.0,0.6539473684210526,0.8571428571428571,1.0,1.0,7
data/marbling_dataset/L7/0_jpg.rf.ee5d515d48e7362e8f10e2fbf1da5c72.jpg,72,71.23611111111111,134.65715391376906,4.0,7.0,15.5,53.25,585.0,41.972974379857384,66.87629403071804,4.0,8.242640614509583,15.192387998104095,32.202795535326004,299.70562410354614,0.7288945974459939,0.2517884318480442,0.0,0.5,0.7886762360446571,0.97,1.0,7
data/marbling_dataset/L7/26_jpg.rf.978908a08f413a3ab5d849c76882096b.jpg,122,129.70491803278688,518.7514682010423,4.0,10.0,23.5,56.5,5186.0,47.559371329721856,122.76332762880993,4.0,10.389087229967117,18.19238793849945,34.32411575317383,1186.7981110811234,0.765509397569281,0.19488213945640634,0.0,0.6311062674221307,0.7948717948717948,0.9148805878750765,1.0,7
data/marbling_dataset/L7/21_jpg.rf.8932be6aa690e77aa5a51cf6317a0533.jpg,83,361.3614457831325,2201.84551516263,4.0,8.0,20.0,87.5,19953.0,84.54015981002026,344.8552759147155,4.0,9.535533845424652,17.071067690849304,45.33452320098877,3083.8115141391754,0.738769970132581,0.2266602495082082,0.0,0.5993829468960359,0.7556818181818182,0.9374756525126606,1.0,7
data/marbling_dataset/L7/23_jpg.rf.d4a002007f6225af0203cdbecbc1873f.jpg,173,204.1849710982659,1734.0334786622939,4.0,9.0,18.0,45.0,22691.0,56.09306716712224,301.7082534921854,4.0,8.828427076339722,15.899494767189026,32.14213538169861,3909.046135663986,0.7914053729144784,0.19195566198919825,0.25,0.6721153846153847,0.8333333333333334,0.9629629629629629,1.0,7
data/marbling_dataset/L7/8_jpg.rf.6ea21e40b07227d4ca78dfad694d1596.jpg,66,158.3939393939394,941.5316960845952,4.0,7.0,12.5,23.75,7601.0,48.2759626381325,195.66735812405346,4.0,7.414213538169861,10.828427076339722,22.1317278444767,1556.8052508831024,0.7931816530733965,0.20649106905858847,0.2413793103448276,0.6401687027341478,0.8282232704402516,1.0,1.0,7
data/marbling_dataset/L7/4_jpg.rf.17157f3f24e27dc56ef316fd41c52026.jpg,73,97.42465753424658,447.86809559314247,4.0,7.0,12.0,33.0,3282.0,51.86452141036726,198.8902917366194,4.0,7.414213538169861,12.242640614509583,27.55634891986847,1514.8052508831024,0.7713706631448913,0.22076545279946136,0.2056451612903226,0.6131687242798354,0.8333333333333334,1.0,1.0,7
data/marbling_dataset/L7/5_jpg.rf.3e1f099b81a24cfef630983118fb1cc8.jpg,98,60.755102040816325,143.6014000179068,4.0,7.0,13.0,27.5,895.0,34.14570968126764,63.74990168466192,4.0,7.414213538169861,13.363960921764374,23.313708305358887,378.09039974212646,0.7946909844394247,0.20465978663503662,0.2846081208687441,0.656013456686291,0.8571428571428571,1.0,1.0,7
data/marbling_dataset/L7/2_jpg.rf.41d914a42adde85135d3a14b30ff4dcf.jpg,71,75.94366197183099,247.31979802468265,4.0,6.0,12.0,27.5,1606.0,39.06791013059482,92.11917250375424,4.0,6.828427076339722,11.656854152679443,25.84924215078354,619.5706286430359,0.737126069093236,0.24278238773370173,0.0,0.5075250836120402,0.782608695652174,1.0,1.0,7
data/marbling_dataset/L7/1_jpg.rf.42ad63829387552f5084451cbb3a239b.jpg,144,86.21527777777777,547.5897622645856,4.0,6.75,12.5,27.25,6538.0,39.704559087753296,174.31473754905053,4.0,7.414213538169861,11.949747383594513,25.313708305358887,2070.015489935875,0.7823588837420539,0.21396907694854694,0.2834674469641551,0.6184668989547039,0.8181818181818182,1.0,1.0,7
data/marbling_dataset/L7/29_jpg.rf.5f4a4f2e672cc292c3fd9c77c59ea40a.jpg,37,546.5135135135135,2641.4901478523825,5.0,15.0,28.0,86.0,16105.0,88.44476147277935,292.85325155044563,5.414213538169861,13.656854152679443,21.656854152679443,48.041629910469055,1781.7758135795593,0.7915178160188792,0.1337692908673436,0.5294117647058824,0.6726190476190477,0.7804878048780488,0.8888888888888888,1.0,7
data/marbling_dataset/L7/28_jpg.rf.f3920f9ba04982f680f8fe75577f8a87.jpg,71,270.63380281690144,941.5142247531235,4.0,13.0,27.0,114.5,6229.0,71.32472343679885,169.41165985269618,4.0,13.071067690849304,20.727921843528748,57.234017848968506,967.9381591081619,0.782668866548583,0.1812588153214865,0.35106382978723405,0.6701534170153417,0.7837837837837838,0.9446969696969697,1.0,7
data/marbling_dataset/L7/25_jpg.rf.dd46b2a65814954c3c10e363b10a90b5.jpg,116,186.32758620689654,471.6899456185188,4.0,10.0,29.0,95.25,2748.0,63.46885039888579,117.09601219432828,4.0,9.656854122877121,21.313708305358887,48.031222611665726,656.6416959762573,0.7741461157700857,0.21075580352760323,0.0,0.6301321221486043,0.8321596244131455,0.9534801136363636,1.0,7
data/marbling_dataset/L7/22_jpg.rf.d5ae7ce196fbfc622ccec4163540a252.jpg,229,196.56331877729258,1719.2119042256086,4.0,6.0,17.0,47.0,25885.0,62.68694459663208,363.0041730537895,4.0,7.656854152679443,14.485281109809875,31.656854152679443,5429.858528017998,0.7441407553974838,0.23040947053315683,0.0,0.5768261964735516,0.8,0.9583333333333334,1.0,7
data/marbling_dataset/L7/15_jpg.rf.a7259667afcea3197bfa31a81c956346.jpg,34,38.85294117647059,56.94980903096254,4.0,6.0,12.5,36.25,213.0,25.4569452475099,27.07122972323105,4.828427076339722,6.828427076339722,14.192387998104095,25.78858196735382,103.5979790687561,0.7495858922350261,0.22509423136281337,0.2777777777777778,0.6205058528428093,0.7416666666666667,1.0,1.0,7
data/marbling_dataset/L7/14_jpg.rf.330aa5bcab0f6ed811f72487e36f0e16.jpg,37,61.91891891891892,138.88552007926418,4.0,6.0,14.0,39.0,732.0,30.24031018566441,42.30145470363132,4.0,7.656854152679443,12.242640614509583,25.656854152679443,183.19595801830292,0.7021267007556007,0.2214141480209828,0.16666666666666666,0.5177664974619289,0.6923076923076923,0.8888888888888888,1.0,7
