,1,2,3,4,5,6,7,8,9,10,11,12,13,14,15,16,17,18,19,20,21,22
0,0.00267379679144385,0.0018938986333799635,0.0,0.1774193548387097,0.008697371021941095,0.004351696172485412,0.0018928801892880188,0.0003846221087781255,0.0684079886341872,0.0,0.44549721727420455,0.1551587110648224,0.07906243092280371,0.053046313991388074,0.0052143732594048895,0.858974358974359,0.0,0.858974358974359,0.858974358974359,0.858974358974359,0.858974358974359,0.858974358974359
1,0.0,0.0,0.0,0.0,0.0,0.0,0.0,0.0,0.0,0.0,0.0,0.0,0.0,0.0,0.0,0.0,0.0,0.0,0.0,0.0,0.0,0.0
2,0.0,0.0,0.0,0.0,0.0,0.0,0.0,0.0,0.0,0.0,0.0,0.0,0.0,0.0,0.0,0.0,0.0,0.0,0.0,0.0,0.0,0.0
3,0.040106951871657755,0.0005480827863266257,0.00020206055288450597,0.020161290322580645,0.0013836726625815379,0.001087924043121353,0.0006237900623790062,0.00025350093533103727,0.02381383697518793,0.008222245229137424,0.06401007971225937,0.03305785126163306,0.022329939744290542,0.02163436015492079,0.003994334025487498,0.9573906989696463,0.8269908977227489,0.8571428571428572,0.9071428571428571,1.0,1.0,1.0
4,0.0053475935828877,0.00030130205531044875,8.247839160696663e-05,0.020161290322580645,0.0011860051393556038,0.0006923153001681337,0.00034416003441600345,7.867270406825294e-05,0.013999119136107529,0.002929574068829024,0.0746156163507193,0.028869604353765354,0.016179461080156218,0.011840901420387354,0.0012608081674127761,1.0,0.7475678813748676,1.0,1.0,1.0,1.0,1.0
5,0.22459893048128343,0.0006231008490773906,0.000369784767043078,0.020161290322580645,0.0013836726625815379,0.000989021857383048,0.000699075069907507,0.0011626077378975156,0.02644289197916973,0.01206186223676067,0.06401007971225937,0.03229285681391649,0.023271022511325432,0.0244981510236423,0.012800520225908663,0.9014319286946304,0.9125920300957188,0.5,0.8399122807017544,0.9294326241134752,1.0,1.0
6,0.0,0.0,0.0,0.0,0.0,0.0,0.0,0.0,0.0,0.0,0.0,0.0,0.0,0.0,0.0,0.0,0.0,0.0,0.0,0.0,0.0,0.0
7,0.00267379679144385,0.0003873883568277198,0.0,0.036290322580645164,0.0017790077090334058,0.0008901196716447434,0.0003871800387180039,7.867270406825294e-05,0.019320760143600995,0.0,0.1258236801205268,0.043822136866271885,0.022329939744290542,0.014982096822205913,0.0014727176906619455,0.9285714285714286,0.0,0.9285714285714286,0.9285714285714286,0.9285714285714286,0.9285714285714286,0.9285714285714286
8,0.0,0.0,0.0,0.0,0.0,0.0,0.0,0.0,0.0,0.0,0.0,0.0,0.0,0.0,0.0,0.0,0.0,0.0,0.0,0.0,0.0,0.0
9,0.00267379679144385,0.0011191219197245238,0.0,0.10483870967741936,0.005139355603874284,0.002571456829195925,0.0011185201118520112,0.00022727670064161962,0.04338739064307031,0.0,0.2825541604451873,0.09840855933718261,0.050144912080109474,0.03364433296857838,0.003307187568025004,0.9027777777777778,0.0,0.9027777777777778,0.9027777777777778,0.9027777777777778,0.9027777777777778,0.9027777777777778
10,0.008021390374331552,0.0023817210086444995,0.0005458714760949588,0.11693548387096774,0.008796204783554062,0.005934131144298289,0.0029468702946870294,0.0006730886903617196,0.059047963796852385,0.013918978874520862,0.23134609667537978,0.10525506399172485,0.06621020020567715,0.054908820503562265,0.006428174556658333,0.9560210582225882,0.7764350285188,0.937007874015748,0.9462267092851018,0.9554455445544554,0.9655276503260082,0.975609756097561
11,0.0,0.0,0.0,0.0,0.0,0.0,0.0,0.0,0.0,0.0,0.0,0.0,0.0,0.0,0.0,0.0,0.0,0.0,0.0,0.0,0.0,0.0
12,0.00267379679144385,0.00047347465834499087,0.0,0.04435483870967742,0.002174342755485274,0.001087924043121353,0.0004732200473220047,9.615552719453137e-05,0.020949285309846136,0.0,0.1364292167589867,0.04751585554995416,0.024212105278360315,0.016244920931440792,0.0015968514102563962,1.0,0.0,1.0,1.0,1.0,1.0,1.0
13,0.0962566844919786,0.024926766861556485,0.07133654421386766,0.020161290322580645,0.0011860051393556038,0.0016318860646820294,0.0013336201333620133,0.17384919316771272,0.15617892149337814,0.3696349459137429,0.06401007971225937,0.03202239059038534,0.03811959131084953,0.03894130405978894,0.32257614761308534,0.883554983679275,0.9401578095964215,0.5,0.828125,0.9142300194931774,1.0,1.0
14,0.07754010695187166,0.02621773155174269,0.06779439584294654,0.020161290322580645,0.0013836726625815379,0.0012857284145979626,0.0011615401161540115,0.1482980471686568,0.11182978631141938,0.2178443643968822,0.08211486397394122,0.04121028307671418,0.02875605510285382,0.03275138138842126,0.17111912031043788,0.8752828576001602,0.9173858756393255,0.5,0.8333333333333333,0.8823529411764706,0.95,1.0
15,0.00267379679144385,0.000645647261379533,0.0,0.06048387096774194,0.0029650128483890096,0.0014835327860745723,0.0006453000645300065,0.00013112117344708823,0.036001158960573654,0.0,0.2344523856906178,0.08165557170571178,0.04160828581998038,0.027916750958557907,0.002744174830156961,0.8,0.0,0.8,0.8,0.8,0.8,0.8
16,0.0855614973262032,0.028166361777682128,0.07147976861264153,0.020161290322580645,0.0016801739474204388,0.0018791415290277916,0.0014304151430415144,0.16435602021014353,0.1708063589329049,0.31957678087324115,0.0746156163507193,0.047739917550608454,0.038233764130017805,0.04921954021490134,0.26152339297173477,0.8378763422274832,0.9356167316323791,0.5,0.763184584178499,0.8241538024518202,0.9743107769423558,1.0
17,0.0,0.0,0.0,0.0,0.0,0.0,0.0,0.0,0.0,0.0,0.0,0.0,0.0,0.0,0.0,0.0,0.0,0.0,0.0,0.0,0.0,0.0
18,0.0053475935828877,0.0015065102765522435,0.0008441623430875918,0.03225806451612903,0.00424985174935758,0.0034615765008406685,0.0020864702086470207,0.0005419675169146314,0.04616745711256575,0.021898196020486014,0.11832443249730487,0.07296220744356838,0.05335796975939112,0.046655590365931185,0.0056532522955411195,0.8926553672316384,0.7983383639251291,0.8686440677966102,0.8806497175141244,0.8926553672316384,0.9046610169491526,0.9166666666666667
19,0.034759358288770054,0.0017316590651358758,0.0011889231336752472,0.020161290322580645,0.0013836726625815379,0.001087924043121353,0.0010324801032480103,0.0014073672616654138,0.04665334375754219,0.026993734942806165,0.06401007971225937,0.043822136866271885,0.025542997423572186,0.028809702538715027,0.01253719279708187,0.9128932769484863,0.9056340564690889,0.6666666666666666,0.9090909090909092,0.9444444444444444,0.984375,1.0
20,0.00267379679144385,0.0019799849348972345,0.0,0.18548387096774194,0.009092706068392962,0.004549500543962022,0.00197892019789202,0.00040210493190440393,0.050099064885311496,0.0,0.3262629765917729,0.11363155807322027,0.05790191958388462,0.038848835927519504,0.003818782418178061,0.952054794520548,0.0,0.952054794520548,0.952054794520548,0.952054794520548,0.952054794520548,0.952054794520548
21,0.0,0.0,0.0,0.0,0.0,0.0,0.0,0.0,0.0,0.0,0.0,0.0,0.0,0.0,0.0,0.0,0.0,0.0,0.0,0.0,0.0,0.0
22,0.08021390374331551,0.0007661680835037125,0.0004907669127448727,0.020161290322580645,0.0014330895433880214,0.000989021857383048,0.0008604000860400087,0.0009965209181978707,0.030656564802042572,0.016088031614516492,0.0746156163507193,0.03751656439303191,0.022995385816896474,0.028586464461957443,0.0121497316843859,0.9115609676575117,0.878266669748221,0.7386706948640483,0.8333333333333333,0.9396135265700483,1.0,1.0
23,0.0,0.0,0.0,0.0,0.0,0.0,0.0,0.0,0.0,0.0,0.0,0.0,0.0,0.0,0.0,0.0,0.0,0.0,0.0,0.0,0.0,0.0
24,0.0106951871657754,0.0005810825352415797,0.00021543675488516612,0.024193548387096774,0.0011860051393556038,0.0011868262288596578,0.0008388900838890084,0.00020979387751534118,0.02308372855628288,0.007043802400379956,0.08211486397394122,0.03136942714299592,0.025542997423572186,0.024313214895392146,0.0027078169142172284,0.959878516624041,0.8173181539825185,0.9130434782608696,0.923113810741688,0.9632352941176471,1.0,1.0
25,0.01871657754010695,0.0013343376735177016,0.0004006552364008428,0.036290322580645164,0.0035580154180668115,0.003164869943625754,0.0018283501828350182,0.00048077763597265686,0.04524856222815874,0.011698170929843797,0.11521814348206688,0.07035035365401068,0.04881401993489761,0.04854982643892434,0.005302149080922245,0.9095041475088059,0.8711426464887262,0.7536231884057971,0.8787202380952381,0.9285714285714286,0.9634469696969696,1.0
26,0.4144385026737968,0.006295407920633983,0.024185187753288952,0.020161290322580645,0.0017790077090334058,0.001681337157551182,0.0015272101527210153,0.12156681060857707,0.08059967984458836,0.14804099511731011,0.06401007971225937,0.04251620997149303,0.034630897072559196,0.046209114484993465,0.2514306895707301,0.8864394970251246,0.9126320371082499,0.5,0.8257756024096385,0.9117647058823529,0.9722222222222222,1.0
27,0.0427807486631016,0.0027682126331647476,0.002764539157474557,0.020161290322580645,0.0011860051393556038,0.000840668578775591,0.000602280060228006,0.003819996853091837,0.06319748295430579,0.05238123722842758,0.0746156163507193,0.03398128093255363,0.021940130366113562,0.02117201949357359,0.022572240248669093,0.8193595264073987,0.9918661307082889,0.5,0.7410714285714286,0.833966565349544,0.9732142857142857,1.0
28,0.12566844919786097,0.0012940419579138725,0.0010774074480149243,0.020161290322580645,0.0013836726625815379,0.001087924043121353,0.00098946009894601,0.0018531792513855137,0.035012119109560993,0.01777747132560815,0.06401007971225937,0.03305785126163306,0.025542997423572186,0.029256178237934433,0.009570459489456139,0.9302871043855533,0.878736371883225,0.6071428571428571,0.875,0.9611650485436893,1.0,1.0
29,0.06951871657754011,0.0027067519803988115,0.002452360234318909,0.020161290322580645,0.0010377544969361534,0.001582434971812877,0.0017315551731555173,0.003636427210265914,0.0635989430322202,0.04687703177699096,0.06401007971225937,0.03213442159071249,0.039726120285910604,0.045670170608075045,0.027470041272423907,0.8513440235714973,0.9548831447354617,0.5,0.8045454545454546,0.8544973544973545,0.986842105263158,1.0
30,0.18716577540106952,0.0070135739650428125,0.02224290423300871,0.020161290322580645,0.0013836726625815379,0.0014340816932054197,0.0012260701226070123,0.0754995716708334,0.1168622784102478,0.28973429860462874,0.06401007971225937,0.03555767405086362,0.03612325295761147,0.04254483971408852,0.3513444248158068,0.8362047796383297,0.9521244848247007,0.5,0.7457171496263897,0.8333333333333333,0.9743055555555555,1.0
31,0.0053475935828877,0.002647153771656085,0.0017429494058347297,0.020161290322580645,0.0065724451472623045,0.006082484422905746,0.0038610453861045385,0.0010314865644504274,0.06399939711561767,0.04139994312084307,0.06401007971225937,0.0837264929153272,0.07396720784487255,0.07063066233849412,0.009007446733725458,0.9288461538461539,0.8980185104344436,0.8576923076923078,0.8932692307692307,0.9288461538461539,0.964423076923077,1.0
32,0.040106951871657755,0.0010129488145198895,0.0005161017054027864,0.024193548387096774,0.0019766752322593396,0.001978043714766096,0.001097010109701011,0.0008741411563139216,0.03376619417697908,0.01110190661131357,0.08211486397394122,0.043822136866271885,0.03972612001507009,0.029071242064254706,0.00692470939931086,0.9263340757589694,0.8378751777123009,0.7857142857142857,0.9070458404074703,0.9298245614035088,0.965609756097561,1.0
33,0.2914438502673797,0.005176235047194446,0.01094325479384415,0.020161290322580645,0.001581340185807472,0.0018791415290277916,0.00301140030114003,0.045630168359586706,0.08789292906161508,0.11856407690742822,0.06401007971225937,0.03751656439303191,0.038395228140698734,0.06308544756191085,0.16963940759308613,0.9134157009804589,0.8765241621978713,0.6566265060240963,0.8590909090909091,0.9247787610619469,1.0,1.0
34,0.029411764705882353,0.005975171928039678,0.00470461366363685,0.020161290322580645,0.0020755089938723067,0.004549500543962022,0.0063239406323940634,0.00613647091732373,0.1009913491588704,0.05694491307092515,0.06401007971225937,0.054586422205150704,0.08305510762927983,0.11245162231999152,0.02613834419223996,0.8483790671436917,0.940269406497832,0.5,0.8304153730273914,0.8885714285714286,0.9023926568860896,1.0
35,0.0427807486631016,0.002639083180888841,0.0018188891736757064,0.024193548387096774,0.0017295908282269224,0.0018791415290277916,0.0035599053559905356,0.0023776639451738666,0.06655843484041322,0.03280469266089457,0.08211486397394122,0.04947474589212244,0.038785037518875715,0.0838268555915196,0.014744063815365643,0.8505225498092314,0.8857231545569365,0.6923076923076923,0.7771396042713568,0.8392857142857143,0.8928571428571428,1.0
36,0.23796791443850268,0.0024244417387982017,0.003488843193146185,0.020161290322580645,0.001581340185807472,0.0014835327860745723,0.0017208001720800173,0.010603332226087869,0.05010382011803124,0.04100827231581939,0.06401007971225937,0.03490471060347419,0.03008694724806569,0.040111659855036084,0.03911000506149032,0.9218070711644242,0.8708570056388931,0.6652173913043478,0.8813559322033898,0.9402985074626866,1.0,1.0
37,0.1497326203208556,0.0023250987686584375,0.0025978727854302102,0.020161290322580645,0.001581340185807472,0.0014835327860745723,0.0014304151430415144,0.006608507141733247,0.055155095778096096,0.03329776731891099,0.06401007971225937,0.043822136866271885,0.039726120285910604,0.046339884293192884,0.023265624642795534,0.8624075528480094,0.9251394694053934,0.5789473684210527,0.7797531319086219,0.8806137724550898,0.9697951505016722,1.0
38,0.15240641711229946,0.0020773983813509884,0.0028122591337217955,0.020161290322580645,0.001581340185807472,0.0013846306003362674,0.0011185201118520112,0.007395234182415777,0.04766006150982439,0.03899869031076537,0.06401007971225937,0.03751656439303191,0.02875605510285382,0.0345372845487355,0.032804137233867596,0.9213407330996825,0.8698534920764639,0.7692307692307692,0.8571428571428572,0.94,1.0,1.0
39,0.00267379679144385,0.002668675347035403,0.0,0.25,0.012255386440007907,0.006131935515774898,0.0026672402667240265,0.0005419675169146314,0.08250589479326714,0.0,0.5373078097014788,0.18713469796385093,0.09535606495754848,0.06397839914206797,0.006288980865288627,0.828125,0.0,0.828125,0.828125,0.828125,0.828125,0.828125
40,0.00267379679144385,0.0009039061659313461,0.0,0.0846774193548387,0.004151017987744613,0.0020769459005044013,0.000903420090342009,0.00018356964282592353,0.03667571640082912,0.0,0.23884534429860171,0.08318556060114493,0.04238790457633433,0.02843983000963727,0.002795592717871947,0.8793103448275862,0.0,0.8793103448275862,0.8793103448275862,0.8793103448275862,0.8793103448275862,0.8793103448275862
41,0.00267379679144385,0.010674701388141613,0.0,1.0,0.04902154576003163,0.024527742063099593,0.010668961066896106,0.0021678700676585256,0.1535542445197406,0.0,1.0,0.34828211052398533,0.17747008927811236,0.11907215563759166,0.01170461465799781,0.8970037453183521,0.0,0.8970037453183521,0.8970037453183521,0.8970037453183521,0.8970037453183521,0.8970037453183521
42,0.00267379679144385,0.00021521575379317766,0.0,0.020161290322580645,0.0009883376161296698,0.000494510928691524,0.00021510002151000216,4.370705781569608e-05,0.012609085901359807,0.0,0.08211486397394122,0.028599138130234212,0.0145729322405154,0.009777593863264796,0.0009611228405088885,0.75,0.0,0.75,0.75,0.75,0.75,0.75
43,0.0053475935828877,0.0041536640482083284,0.0023827639250784552,0.07661290322580645,0.011415299466297687,0.009544060923746414,0.005818455581845558,0.0015210056119862236,0.07229867828703825,0.02550811406861846,0.25695012856028354,0.12673723124388567,0.08355908969120483,0.06879716470066269,0.008014376994832489,0.9265589244851258,0.8680777279706889,0.8695652173913043,0.8980620709382151,0.9265589244851258,0.9550557780320366,0.9835526315789473
44,0.06684491978609626,0.0020126977294737973,0.0017966244424927214,0.020161290322580645,0.0011860051393556038,0.000989021857383048,0.0014626801462680147,0.0031818738089826747,0.04466785791571295,0.0260511933352991,0.06401007971225937,0.028599138130234212,0.026873889568784046,0.03275138138842126,0.013575442487025875,0.8827007705924622,0.9592094198986157,0.5,0.857843137254902,0.9166666666666667,1.0,1.0
45,0.0,0.0,0.0,0.0,0.0,0.0,0.0,0.0,0.0,0.0,0.0,0.0,0.0,0.0,0.0,0.0,0.0,0.0,0.0,0.0,0.0,0.0
46,0.36363636363636365,0.0027582430798640334,0.0051738526544516305,0.020161290322580645,0.001581340185807472,0.0015329838789437246,0.0013766401376640138,0.021372751271875382,0.06017354782575283,0.07037816917531375,0.06401007971225937,0.040128418182589616,0.03263455885474139,0.039164541909398644,0.08357357716306843,0.8980215984951223,0.9095566829441618,0.5,0.8333333333333333,0.9275210084033614,1.0,1.0
47,0.25133689839572193,0.0013755492008397994,0.002186441691913776,0.020161290322580645,0.0014330895433880214,0.0011868262288596578,0.0009356850935685094,0.008304340984982254,0.04053622199541171,0.03771173871982004,0.06401007971225937,0.03751656439303191,0.02875605510285382,0.030464835936259427,0.049680529352254525,0.8893260996381163,0.9228368804477016,0.5,0.8013888888888889,0.9233796296296296,1.0,1.0
48,0.045454545454545456,0.006322279261430172,0.007139152667803028,0.020161290322580645,0.0019766752322593396,0.002175848086242706,0.005162400516240052,0.011905802548995611,0.09709041229120725,0.08260079729499627,0.0746156163507193,0.04751585554995416,0.04293917796519224,0.09646824064151295,0.05000151258759762,0.9011395344446937,0.8804103666668452,0.6754550707887894,0.8703703703703703,0.9333333333333333,0.9524886877828054,1.0
49,0.10695187165775401,0.0011589368341762617,0.0008479639676925952,0.020161290322580645,0.0015319233050009884,0.0014835327860745723,0.0011185201118520112,0.0017045752548121471,0.03563932919861109,0.016434253043674275,0.06401007971225937,0.03686360094564248,0.03008694724806569,0.034052507128156544,0.010505873368244895,0.9117950489590477,0.88227142186408,0.6799999999999999,0.8688936781609196,0.9224386724386724,1.0,1.0
50,0.06684491978609626,0.0011948778650597224,0.0015036963590432672,0.020161290322580645,0.0013836726625815379,0.0008901196716447434,0.0007313400731340073,0.003085718281788143,0.0356386511590818,0.029149280649360135,0.06401007971225937,0.03490471060347419,0.020999047599078675,0.023235327050696152,0.021482572617422188,0.9178369289753125,0.8971420080611919,0.6896551724137931,0.8421052631578947,0.9375,1.0,1.0
51,0.0106951871657754,0.0053911546325191,0.004456520023139255,0.07258064516129033,0.004299268630164064,0.002423103550588468,0.005506560550656055,0.0037937726184024195,0.07080985826366021,0.03704532702649742,0.21324131241369795,0.08095620403544551,0.044659879488581085,0.057195366046583256,0.013203041328242522,0.9096523822066681,0.8666645892106762,0.7916666666666667,0.8972409909909911,0.9420226678291195,0.9544340590447965,0.9628975265017667
52,0.0,0.0,0.0,0.0,0.0,0.0,0.0,0.0,0.0,0.0,0.0,0.0,0.0,0.0,0.0,0.0,0.0,0.0,0.0,0.0,0.0,0.0
53,0.0053475935828877,0.0013989023996556548,0.0005242550834657293,0.06451612903225806,0.004793437438228899,0.0032143210364949065,0.0017530651753065176,0.00042832916659382155,0.03921729093882715,0.010002191404072366,0.1770317438903343,0.07530359500959495,0.04532532556118703,0.035076228471083506,0.00390655822183278,0.9527417027417027,0.7651119467735701,0.9444444444444444,0.9485930735930735,0.9527417027417027,0.9568903318903319,0.961038961038961
54,0.2727272727272727,0.0016166501034934582,0.002925664445660559,0.020161290322580645,0.0013836726625815379,0.000989021857383048,0.0010324801032480103,0.011529921851780625,0.04591227736646392,0.046490444578255366,0.06401007971225937,0.03751656439303191,0.02875605510285382,0.03265891325615183,0.06083019623533237,0.8605533975077061,0.924530906333825,0.5666666666666667,0.7825632421270006,0.875,0.969208211143695,1.0
55,0.00267379679144385,0.001205208221241795,0.0,0.11290322580645161,0.0055346906503261515,0.002769261200672535,0.001204560120456012,0.000244759523767898,0.04175886547682517,0.0,0.27194862380672735,0.09471484065350033,0.0482627465460397,0.03238150885934351,0.003183053848430553,0.9342105263157895,0.0,0.9342105263157895,0.9342105263157895,0.9342105263157895,0.9342105263157895,0.9342105263157895
56,0.0748663101604278,0.0022351693286805736,0.0015011773210916674,0.020161290322580645,0.0018778414706463729,0.001928592621896944,0.0021725102172510218,0.002395146768300145,0.05603518154604637,0.028025284103538144,0.0746156163507193,0.04121028307671418,0.03651306260662896,0.0528996795390679,0.01364815839035589,0.8972005780021717,0.8796580011988834,0.6865671641791045,0.8498317805383022,0.9096320346320347,0.9666666666666666,1.0
57,0.23529411764705882,0.019092572121733858,0.07979820615742603,0.020161290322580645,0.0015319233050009884,0.001087924043121353,0.000903420090342009,0.3039213972272243,0.135201374826076,0.3874648807905527,0.06401007971225937,0.03490471060347419,0.025542997423572186,0.027862584456788866,0.5226622216504149,0.8969478716849815,0.9187973777707296,0.5,0.8223214285714286,0.9275546898411747,1.0,1.0
58,0.0106951871657754,0.006488754976864307,0.003492076451186939,0.0846774193548387,0.004151017987744613,0.011324300267035901,0.010507636050763606,0.003085718281788143,0.12106908735178618,0.05731580241836396,0.18763728052879422,0.07872684746974608,0.11984380679491748,0.1473746441782143,0.0189095384663322,0.8815846377550034,0.8664585132986414,0.831858407079646,0.8376956774671227,0.8472400719701838,0.8911290322580645,1.0
59,0.18983957219251338,0.003679886269083348,0.006953866597875894,0.020161290322580645,0.0014825064241945048,0.0013846306003362674,0.0013121101312110132,0.021932201611916294,0.06317434122951286,0.07101701984268148,0.06401007971225937,0.03751656439303191,0.03141783939327755,0.03940364453941784,0.07109845104715741,0.8869298962640201,0.9176109719293312,0.5,0.8149038461538461,0.9137931034482758,1.0,1.0
60,0.1925133689839572,0.003216877697669692,0.0032347845922628305,0.020161290322580645,0.0019272583514528562,0.001829690436158639,0.002731770273177027,0.008715187328449798,0.06314926663424403,0.04476497555353688,0.06401007971225937,0.04578102720844017,0.03651306260662896,0.05119037963975446,0.04011189679976933,0.9117152331884045,0.8920019966777721,0.5,0.87125,0.9301948051948052,0.9948630136986301,1.0
61,0.0374331550802139,0.0026410047501191367,0.0012646201313403628,0.024193548387096774,0.003459181656453845,0.0046484027297003265,0.0029253602925360294,0.0016521267854333118,0.07371209333806039,0.031160226087072328,0.08211486397394122,0.06980942120694839,0.06820653869433546,0.08488887901924275,0.015146584935562141,0.8896986061887505,0.9184688071653225,0.6644951140065146,0.8132652002490143,0.9317142406560479,0.990566037735849,1.0
62,0.00267379679144385,0.0003873883568277198,0.0,0.036290322580645164,0.0017790077090334058,0.0008901196716447434,0.0003871800387180039,7.867270406825294e-05,0.027660959317745246,0.0,0.18013803137945308,0.06273885375447182,0.031969112511294945,0.02144942370866361,0.002108446242546816,0.6363636363636364,0.0,0.6363636363636364,0.6363636363636364,0.6363636363636364,0.6363636363636364,0.6363636363636364
63,0.11497326203208556,0.004873886070785962,0.005233770915275179,0.024193548387096774,0.002174342755485274,0.002175848086242706,0.0033340503334050335,0.010620815049214147,0.09153318536846064,0.07494767702881322,0.08211486397394122,0.04697492310289188,0.045600962255615975,0.06739699894069485,0.05417946304044153,0.9061151331027562,0.894877965847427,0.6799233349305223,0.8580955334987593,0.9222222222222223,1.0,1.0
64,0.016042780748663103,0.001291294522759066,0.0006399635019243429,0.03225806451612903,0.002569677801937142,0.0017802393432894868,0.001505700150570015,0.0007342785713036941,0.05003320702622462,0.023691645354712996,0.10021964823562304,0.0662741377464701,0.03612325322845198,0.041820959936067825,0.010082054339609195,0.8844991767422374,0.8896025966705764,0.7744186046511627,0.8051948051948052,0.8834310850439883,0.9608064516129031,1.0
65,0.49732620320855614,0.004176574112321796,0.015086748945693512,0.020161290322580645,0.0013836726625815379,0.0011868262288596578,0.0013336201333620133,0.08294725432262802,0.07438832937480817,0.16717092035503195,0.06401007971225937,0.03555767405086362,0.02875605510285382,0.042898847644475095,0.3235365135064695,0.875076567408035,0.9291520261216488,0.5,0.796849087893864,0.8973684210526316,1.0,1.0
66,0.10962566844919786,0.007923089238424936,0.017882024671410337,0.028225806451612902,0.0019766752322593396,0.0023736524577193155,0.002409120240912024,0.04669662057028969,0.10025240649532541,0.15596379325177556,0.08961411159716312,0.043822136866271885,0.0437187967215462,0.05052066595463662,0.14557938955694136,0.9219095178048383,0.8643233107846129,0.7175167169267077,0.875,0.9444444444444444,1.0,1.0
67,0.22192513368983957,0.006631238177718947,0.011536760174056337,0.020161290322580645,0.0013836726625815379,0.0014835327860745723,0.00197892019789202,0.03679260126925296,0.10049184313678991,0.1315636827898709,0.06401007971225937,0.03621063749825305,0.03518217046141709,0.053307853607786906,0.15007208539777758,0.8619587058176341,0.9466295242557987,0.5,0.7895223708330504,0.8823529411764706,1.0,1.0
68,0.12032085561497326,0.0048476152898836635,0.005704766399494229,0.020161290322580645,0.002569677801937142,0.0026703590149342303,0.0030544203054420306,0.013890102973828214,0.08137630604201362,0.05709852364432912,0.0746156163507193,0.05535141691862729,0.04936529332375552,0.06434827148942743,0.04556388850841824,0.8688884186035913,0.9302510237541975,0.5,0.8275862068965517,0.8898305084745763,0.9575892857142857,1.0
69,0.553475935828877,0.0032758540920364452,0.007639417481233191,0.020161290322580645,0.0013836726625815379,0.001087924043121353,0.001097010109701011,0.0341264707424955,0.0675465309125807,0.11243169311139631,0.06401007971225937,0.03359878370869534,0.025542997423572186,0.035538569132430704,0.16282559877138955,0.8875236580373783,0.9315223162287617,0.5,0.8125577944560332,0.915929203539823,1.0,1.0
70,0.029411764705882353,0.0036743198693053422,0.0014782298592081948,0.020161290322580645,0.008104368452263293,0.006329739887251508,0.005162400516240052,0.0020454903057745763,0.08372619905182058,0.026418704607415414,0.08211486397394122,0.12786549956360707,0.0934738994234787,0.09052399289699377,0.012288925340030331,0.8503818493659495,0.8532288390319872,0.75,0.8153409090909091,0.8465909090909092,0.8810462507012404,0.982587064676617
71,0.16042780748663102,0.0022633523440582517,0.003602353679484999,0.020161290322580645,0.001581340185807472,0.0012857284145979626,0.0012475801247580124,0.01104040280424483,0.0540237557819342,0.04344357920941373,0.06401007971225937,0.04316917341888246,0.033689814305524306,0.042267435726146385,0.04332689763589714,0.8577023691272464,0.9196235969991109,0.5,0.774840802595218,0.8544973544973545,0.9628205128205127,1.0
72,0.040106951871657755,0.0029125865346676712,0.0023926020302534007,0.024193548387096774,0.0014825064241945048,0.002274750271981011,0.0028608302860830288,0.003645168621829053,0.06284240010210508,0.03397024353056837,0.08211486397394122,0.04751585554995416,0.04183663118747643,0.062192495981753734,0.01774091708440452,0.8724305176458305,0.9304914122263586,0.6,0.8267879178067493,0.905440414507772,0.9626068376068375,1.0
73,0.016042780748663103,0.0017145521718856488,0.0008164342640418471,0.04032258064516129,0.002816762205969559,0.0020769459005044013,0.0028393202839320283,0.0008216926869350862,0.06722916866245447,0.028485540943285863,0.15453400102066853,0.061432927391212984,0.051085994847144364,0.08819914590519068,0.010133472227324181,0.8392178844123925,0.8876412139823543,0.7342995169082125,0.7789855072463768,0.8358585858585859,0.8609117490696439,1.0
74,0.19786096256684493,0.023384064145927915,0.0814735108639492,0.020161290322580645,0.0024214271595176915,0.004054989615270498,0.00500107550010755,0.28470777461144425,0.14174008435038088,0.2841245533211451,0.06401007971225937,0.050127709339511876,0.058453192972742526,0.07780600499486581,0.3524906783351745,0.9058407403890423,0.8662864470542415,0.6666666666666666,0.8537793938451168,0.9129704301075269,0.9756773399014778,1.0
75,0.8128342245989305,0.00206663759366133,0.0029936526041341597,0.020161290322580645,0.0011860051393556038,0.001087924043121353,0.0011185201118520112,0.010629556460777286,0.06025007693549543,0.06585453593300561,0.06401007971225937,0.03202239059038534,0.026208443496178114,0.03728617061681497,0.09228574948026982,0.8727979530016758,0.9406551273569898,0.5,0.7688579624259235,0.9,1.0,1.0
76,0.07219251336898395,0.012326283024658146,0.01395478874976321,0.020161290322580645,0.004546353034196481,0.007120957373157947,0.0060443106044310605,0.027107117257294706,0.1392809337095192,0.115232853325297,0.06401007971225937,0.07796185275626949,0.0785111575339458,0.09278810168078301,0.0771072175034225,0.8992965768504415,0.8783756293262543,0.6666666666666666,0.849401199575098,0.9375,0.9510999521759924,1.0
77,0.03208556149732621,0.004261271925104918,0.0031934362981302423,0.020161290322580645,0.003212097252421427,0.0046484027297003265,0.003108195310819531,0.004292033077501355,0.07591346645818914,0.046769026296133866,0.0746156163507193,0.06219792183892955,0.06393822556427092,0.05321538547551746,0.024742753386738408,0.9396335991386087,0.8497838630586115,0.7540983606557377,0.9266114982578397,0.9530780931033103,0.985,1.0
78,0.3877005347593583,0.008033039328823696,0.022630853883187623,0.020161290322580645,0.0019766752322593396,0.001978043714766096,0.0026672402667240265,0.10485323169985489,0.09920611114135669,0.13554061071095552,0.06401007971225937,0.050127709339511876,0.04748312778968573,0.06219249580003543,0.15955552610215434,0.8567311305272982,0.9174836803178548,0.5,0.7738589211618258,0.875,0.9444444444444444,1.0
79,1.0,0.0027297874140215944,0.005170554144103498,0.020161290322580645,0.0013836726625815379,0.0011868262288596578,0.0011077651107765111,0.022771377121977656,0.07017024173889737,0.10036437824388329,0.06401007971225937,0.03490471060347419,0.02875605510285382,0.03764017818376494,0.1677057557427844,0.8644241699979687,0.9384400940160952,0.5,0.7658854166666667,0.875,1.0,1.0
80,0.0962566844919786,0.004059208245154657,0.007479991011499382,0.020161290322580645,0.0013342557817750543,0.0014340816932054197,0.001796085179608518,0.018234584520708405,0.0881962498906835,0.10309978211944655,0.06401007971225937,0.03686360094564248,0.031028029879680317,0.05864312642035702,0.08640370071700806,0.8100840423935995,0.9824249556731668,0.5,0.6714060031595577,0.789994425863991,0.9555555555555556,1.0
81,0.0,0.0,0.0,0.0,0.0,0.0,0.0,0.0,0.0,0.0,0.0,0.0,0.0,0.0,0.0,0.0,0.0,0.0,0.0,0.0,0.0,0.0
82,0.09358288770053476,0.010209835359948348,0.011813505036200487,0.020161290322580645,0.002470844040324175,0.003065967757887449,0.0035061303506130352,0.017412891833773318,0.11540761187097674,0.10333900516680748,0.0746156163507193,0.051433636234290724,0.05335796975939112,0.05985178402782285,0.05985218636103882,0.9267965747904929,0.8506691088413959,0.7390189374013677,0.8737818434460398,0.9527687296416938,0.9837662337662338,1.0
83,0.058823529411764705,0.005572131516390637,0.006028257475879092,0.020161290322580645,0.0017295908282269224,0.002522005736326773,0.004538610453861045,0.01135509362051784,0.10324580892511202,0.09760979766641144,0.0746156163507193,0.04262824097182018,0.04532532556118703,0.07520375328824737,0.06683272480852141,0.8668670455277543,0.9655024619143194,0.5,0.8594276094276094,0.898207171314741,0.9517857142857142,1.0
84,0.24064171122994651,0.003784927723376018,0.005554895592479845,0.020161290322580645,0.0017790077090334058,0.001978043714766096,0.0023661002366100236,0.016835958670606128,0.07453592941355931,0.07356744732463248,0.06401007971225937,0.04409260308980303,0.03984029296965863,0.05420080527880318,0.08538674891764063,0.8773534427460536,0.9112640338890583,0.5,0.8058588064046579,0.8998714652956299,0.9517857142857142,1.0
85,0.30213903743315507,0.0027699981620955536,0.0029647695943191836,0.020161290322580645,0.0017790077090334058,0.001681337157551182,0.0022370402237040224,0.00813825416528261,0.05923395762060854,0.04117652291918775,0.06401007971225937,0.040128418182589616,0.034630897072559196,0.05356939322418574,0.0319627370953975,0.9079040706279624,0.8880440519205056,0.5,0.868,0.9272727272727272,1.0,1.0
86,0.3582887700534759,0.00584840780494386,0.021450669069403024,0.020161290322580645,0.0011860051393556038,0.000989021857383048,0.0009249300924930093,0.09998426545918634,0.0793441071484312,0.19645066250067136,0.06401007971225937,0.031210991919791924,0.024601914656537296,0.030595605699029266,0.32284312898730455,0.8915232366633197,0.9370153589570017,0.5,0.8017909223477944,0.9285714285714286,1.0,1.0
87,0.08021390374331551,0.012426557624018078,0.01938701688287589,0.020161290322580645,0.0014330895433880214,0.0013846306003362674,0.0022370402237040224,0.040079372016993305,0.11564908768693404,0.11316674579305029,0.0746156163507193,0.03555767405086362,0.033300004927347325,0.062415733740504284,0.07556361100716522,0.8772047705626483,0.9038059555457685,0.6346153846153846,0.8007675438596491,0.8786764705882353,1.0,1.0
88,0.15508021390374332,0.003680189389863338,0.006124226371622899,0.020161290322580645,0.0011860051393556038,0.0009395707645138958,0.0012368251236825124,0.017578978653472962,0.0631987603610902,0.06897689460016967,0.06401007971225937,0.031210991919791924,0.024601914656537296,0.0415052539087591,0.06800134602968536,0.860888629696401,0.9723442101346634,0.5,0.8011363636363636,0.875,1.0,1.0
89,0.0481283422459893,0.001511292848858759,0.0009680498563187774,0.020161290322580645,0.0012354220201620874,0.000989021857383048,0.001806840180684018,0.0011800905610237942,0.05823181789752819,0.03422203651257464,0.0746156163507193,0.02925210157762364,0.027425162957641955,0.05591010504182788,0.01456227425352962,0.8290604664949686,0.9428647596675316,0.625,0.7188559322033898,0.803409090909091,0.9412878787878788,1.0
90,0.11764705882352941,0.0017872690099097071,0.0016187551979678133,0.020161290322580645,0.001581340185807472,0.0014835327860745723,0.0014519251451925144,0.0031381667511669784,0.048528781273992315,0.03227817392648846,0.06401007971225937,0.04028685340579361,0.036788699301057916,0.03804835247963182,0.024076904855577754,0.8912149985477233,0.9047028527047319,0.6666666666666666,0.8059719535783365,0.9187293729372937,1.0,1.0
91,0.5454545454545454,0.005590123706859264,0.013291755238808123,0.020161290322580645,0.0017790077090334058,0.001582434971812877,0.002107980210798021,0.06658333187643141,0.08698673418331924,0.13405368070558726,0.06401007971225937,0.03859842928715647,0.037178508679234896,0.05159855379933262,0.24395834000148195,0.8744671800205184,0.9173983091672048,0.5,0.7959102944975458,0.8904344512195121,0.985,1.0
92,0.20855614973262032,0.0014452565620111087,0.0016436079966288112,0.020161290322580645,0.0016307570666139553,0.001087924043121353,0.0007743600774360078,0.004912673298484239,0.046903886069779965,0.0374402209497451,0.0746156163507193,0.03925139273454589,0.02581863398258087,0.029980058515680467,0.034308801805050984,0.8863332639541168,0.9292348153010336,0.5,0.7735753052917231,0.9285714285714286,1.0,1.0
93,0.2192513368983957,0.045617866057063666,0.12940061122747412,0.020161290322580645,0.0011860051393556038,0.0014340816932054197,0.0026349752634975262,0.43832060001048967,0.21802405319168683,0.4688479358213843,0.06401007971225937,0.03490471060347419,0.030752393320671617,0.0565480890752676,0.5376314278094823,0.9003183332953244,0.8946547621552263,0.5,0.8333333333333333,0.9279953917050692,1.0,1.0
94,0.23796791443850268,0.018595608389545354,0.03799291927573722,0.020161290322580645,0.0017790077090334058,0.001582434971812877,0.00197892019789202,0.1255004458119897,0.1731197430818461,0.265430309224924,0.06401007971225937,0.043822136866271885,0.034079623683701286,0.04873476279432238,0.2848547384018573,0.8545461301538484,0.9356845915375399,0.5,0.7610222395630121,0.875,0.9583333333333333,1.0
95,0.09893048128342247,0.0034620653150729554,0.002103774186014648,0.020161290322580645,0.003162680371614944,0.003758283058055583,0.004818240481824048,0.0034091505096242943,0.08126411326171909,0.04413082637590162,0.06401007971225937,0.06535070807554955,0.06377676128274946,0.0713386777904011,0.0265621632387383,0.8827703233214992,0.8889780780141854,0.6724137931034483,0.8202614379084967,0.9,0.9477611940298507,1.0
96,0.0106951871657754,0.5067470138814161,0.5063985025713945,0.04838709677419355,0.002816762205969559,0.0024725546434576206,0.5069369756936976,0.4111085858144373,0.5312475421048756,0.5255677418736271,0.14392846438220866,0.0654627390758767,0.04532532556118703,0.4199807672107134,0.15431330427645237,0.9551871240803609,0.8225603125077378,0.9017857142857143,0.9177541208791209,0.9594813910178643,0.9969143942191043,1.0
97,0.0053475935828877,0.0010330356182072528,0.0005699561205545667,0.024193548387096774,0.0029650128483890096,0.0023736524577193155,0.0014196601419660141,0.00036713928565184706,0.038542733381400636,0.017074808652007598,0.11082518487408295,0.06300932037664296,0.0445457066694128,0.03823328860788198,0.004578644689657382,0.8012820512820513,0.8560007671835711,0.75,0.7756410256410257,0.8012820512820513,0.8269230769230769,0.8525641025641026
98,0.15508021390374332,0.0035540284307431992,0.0035124755019695026,0.020161290322580645,0.0016307570666139553,0.001681337157551182,0.0031512153151215315,0.00701935348520079,0.0699180739249906,0.05214070971184084,0.06401007971225937,0.03751656439303191,0.03945048359148165,0.055501930927679306,0.040214732575199294,0.8958795123920118,0.9125843758803617,0.5,0.8141426827397891,0.9409722222222222,1.0,1.0
99,0.0962566844919786,0.0029472601838899056,0.0058549988192309384,0.020161290322580645,0.0011860051393556038,0.0008901196716447434,0.0009679500967950097,0.014204793790101226,0.06006096970829882,0.0817225671723817,0.06401007971225937,0.028599138130234212,0.02166449367168461,0.028755536036945986,0.06891287811593921,0.9027108410111153,0.9058899834651101,0.6703736654804271,0.8480263157894736,0.9419191919191919,1.0,1.0
100,0.22192513368983957,0.0015199936731754306,0.0021500372415446793,0.020161290322580645,0.0013836726625815379,0.000989021857383048,0.0011830501183050118,0.007482648298047168,0.04679491376453061,0.04433910595130086,0.06401007971225937,0.031210991919791924,0.024212105278360315,0.039295311717598064,0.051088596173985076,0.8985497022748254,0.9317911615648745,0.5,0.8279731275014294,0.9285714285714286,1.0,1.0
101,0.25668449197860965,0.0027215825531762255,0.002650822658765604,0.020161290322580645,0.0017790077090334058,0.001582434971812877,0.0020326952032695203,0.006057798213255476,0.06595646945497198,0.045918938509731846,0.06401007971225937,0.043822136866271885,0.03557197983959408,0.047379470507388485,0.029704448225124018,0.8629414401593509,0.9349452173725287,0.5,0.7852316602316602,0.8909646739130435,0.9544270833333333,1.0
102,0.21122994652406418,0.0429995627578673,0.17052633973128548,0.020161290322580645,0.0018778414706463729,0.0026703590149342303,0.0031404603140460312,0.6154303396912534,0.1551836282115616,0.3532412841252365,0.06401007971225937,0.041975277524430754,0.044270070110404104,0.061561083927136294,0.4477039063696263,0.8809780671308678,0.9332124886676298,0.5,0.8397435897435898,0.9166666666666667,0.9716079862601975,1.0
103,0.06417112299465241,0.0023566125040352954,0.0012428390222413875,0.020161290322580645,0.0019766752322593396,0.003263772129364059,0.0038287803828780382,0.001503522788859945,0.07302579607912689,0.03571173672740638,0.06401007971225937,0.049204279668591304,0.052692523551364924,0.0932345773800024,0.017777274982481616,0.8633047672847725,0.9106481008829567,0.6876947040498442,0.7641153081510934,0.8637254901960785,0.9787735849056605,1.0
104,0.22994652406417113,0.005523537346189555,0.007010829709500259,0.020161290322580645,0.002223759636291757,0.0028681633864108395,0.003925575392557539,0.01970314166331579,0.08775195358443072,0.07696422732632234,0.06401007971225937,0.04751585554995416,0.04493551618301004,0.0646481128271858,0.0636665577973865,0.9150700838173685,0.888070811177817,0.5,0.8718806715063521,0.9444169960474308,0.9846844872918492,1.0
105,0.15508021390374332,0.0033536551427288614,0.004302759147607717,0.020161290322580645,0.0013836726625815379,0.001087924043121353,0.001505700150570015,0.009449465899753493,0.08782719320879431,0.09481684696220262,0.06401007971225937,0.03490471060347419,0.028480418408424867,0.04890383418759262,0.07326896427453991,0.8596172244177966,0.942665830250045,0.5,0.7611180014174345,0.8938775510204082,1.0,1.0
106,0.09893048128342247,0.0022079973010781144,0.002663609347836716,0.020161290322580645,0.001581340185807472,0.0012857284145979626,0.000903420090342009,0.00613647091732373,0.054241359505357994,0.04844743856045468,0.08211486397394122,0.03751656439303191,0.026873889568784046,0.03490715707781326,0.03851063431836936,0.8995696758749225,0.9480444900760341,0.5,0.8653846153846154,0.9375,1.0,1.0
107,0.026737967914438502,0.00325836651242871,0.0030115742108419337,0.020161290322580645,0.0014825064241945048,0.0014835327860745723,0.0017423101742310174,0.0038287382646549767,0.06765299826484808,0.04875718958683921,0.09272040061240114,0.047627886550281315,0.035847616398602775,0.039218708456597265,0.02306877509132162,0.8150949727660807,0.948536137335636,0.55,0.75,0.8502673796791443,0.9205192034139402,0.9634146341463414
108,0.446524064171123,0.007553428599596245,0.024401747020292675,0.020161290322580645,0.0013836726625815379,0.001582434971812877,0.0018498601849860185,0.11207363765100789,0.10077914406424329,0.1962163626940643,0.06401007971225937,0.038057496840094185,0.03518217046141709,0.0517834900638715,0.2502117202552084,0.8768599210463035,0.9328652172247618,0.5,0.8038461538461539,0.9019607843137255,1.0,1.0
109,0.07754010695187166,0.17081748590893406,0.4575794430508564,0.020161290322580645,0.0013836726625815379,0.0011868262288596578,0.0016777801677780168,1.0,0.2837207500563161,0.7097117460371376,0.08211486397394122,0.03751656439303191,0.02875605510285382,0.040111660036754385,0.5546375660345639,0.8602159294355596,1.0,0.5,0.8227848101265822,0.9191919191919191,1.0,1.0
110,0.393048128342246,0.009617069683786568,0.044957410863844076,0.020161290322580645,0.001581340185807472,0.0013846306003362674,0.001505700150570015,0.22111400548960647,0.12153068188359598,0.4153956366623104,0.06401007971225937,0.04121028307671418,0.03196911278213546,0.044238275060140345,0.7261310955321747,0.8734510336416164,0.9159598873759917,0.5,0.8013157894736842,0.8928571428571428,0.9607692307692308,1.0
111,0.06951871657754011,0.0071103974041669075,0.005230342933800142,0.020161290322580645,0.005435856888713185,0.00553852240134507,0.00790492579049258,0.009842829420094757,0.11052562614635851,0.058601412761353174,0.06401007971225937,0.09568467454729775,0.08571689191970355,0.10914135561576187,0.04049311997580133,0.9034082270508867,0.8318366633753811,0.7806649902207321,0.8744087486282968,0.9091906349421645,0.9415962400827871,1.0
112,0.1657754010695187,0.02084329863268572,0.06742480670670373,0.020161290322580645,0.0013836726625815379,0.0013351795074671151,0.0013551301355130135,0.21500375880697215,0.1319217092960133,0.2433695036525767,0.06401007971225937,0.03213442159071249,0.02942150117545975,0.029702654118872147,0.24858185206389755,0.9036010459257571,0.9391111911815831,0.5,0.8131889119284077,0.9671957671957672,1.0,1.0
113,0.5775401069518716,0.0025375531562984483,0.004136994353234279,0.020161290322580645,0.0017295908282269224,0.0014835327860745723,0.0016777801677780168,0.021652476441895836,0.06044929825783327,0.0577742170180814,0.06401007971225937,0.03974592095873133,0.03651306260662896,0.04436904491376935,0.09618789664882167,0.8854529720894058,0.9173691188675717,0.5,0.803030303030303,0.9090909090909092,1.0,1.0
114,0.0481283422459893,0.003453017205303873,0.0017229494336334092,0.020161290322580645,0.0036074322988732953,0.004796756008307783,0.00506560550656055,0.002150387244532247,0.07411536024123182,0.031440228163447416,0.0746156163507193,0.0736151708909578,0.059784084982534125,0.0782749174078874,0.01661489168011898,0.9031889909128901,0.8751061282351382,0.6666666666666666,0.8544671812167597,0.925,0.9627976190476191,1.0
115,0.4358288770053476,0.005254169145058718,0.010845066803618015,0.020161290322580645,0.001581340185807472,0.001681337157551182,0.0017208001720800173,0.03999195790136191,0.0783154044717016,0.101081259273529,0.06401007971225937,0.03990435618193532,0.034630897072559196,0.040296596301293265,0.1096134965617088,0.8900111036244032,0.9155596044301383,0.5,0.8321596244131455,0.9150943396226415,0.9865494978479197,1.0
116,0.20320855614973263,0.0015761722179116144,0.0020213661233721915,0.020161290322580645,0.001581340185807472,0.0011868262288596578,0.0011400301140030115,0.006206402209828843,0.05263993194763929,0.05631704326678402,0.06401007971225937,0.040939816853183035,0.026873889568784046,0.03580010852168166,0.062065295333849184,0.8832733932492839,0.9438239550447877,0.5,0.7954606440071557,0.9208333333333334,1.0,1.0
117,0.393048128342246,0.0034007017204815853,0.009882890002222344,0.020161290322580645,0.0013836726625815379,0.001087924043121353,0.0011615401161540115,0.04689767303624189,0.07616356961832664,0.16759335458394314,0.06401007971225937,0.03490471060347419,0.027425162957641955,0.03769434491268186,0.2831054603011522,0.8684688451238901,0.9211482136140322,0.5,0.7846961740435109,0.8846153846153846,1.0,1.0
118,0.15775401069518716,0.002021568995799645,0.0014848026956586025,0.020161290322580645,0.001581340185807472,0.001681337157551182,0.0024951602495160248,0.003479081802129408,0.06759528165751372,0.04189168680995244,0.08211486397394122,0.04251620997149303,0.044270070110404104,0.06390179579020802,0.03413948818799341,0.8271652510021055,0.9391940177388738,0.5,0.7317428947863731,0.8240740740740741,0.9258241758241759,1.0
119,0.05614973262032086,0.0019246437410647035,0.0011361898539227226,0.020161290322580645,0.0035580154180668115,0.0026703590149342303,0.0017638201763820176,0.0014860399657336666,0.058978208951647716,0.02323503924845313,0.06401007971225937,0.08318556060114493,0.05524013529346089,0.05015079342555886,0.014671347983486176,0.8299536094380517,0.9180263199302463,0.5,0.7660753880266076,0.8565891472868217,0.8951612903225806,1.0
120,0.18716577540106952,0.0025014219612304192,0.0036485607549162605,0.020161290322580645,0.0011860051393556038,0.000989021857383048,0.0011292751129275112,0.010795643280476932,0.0615591480844425,0.07364093461896566,0.06401007971225937,0.032945820261305915,0.024877551350966243,0.035576870762931104,0.07818806301024492,0.8672672000093151,0.9349920182793422,0.5,0.7838541666666667,0.879247572815534,1.0,1.0
121,0.19786096256684493,0.0032218380007038136,0.0054107145810609715,0.020161290322580645,0.0017790077090334058,0.001582434971812877,0.0018391051839105185,0.017814996765677722,0.06165661304899108,0.055556337101438986,0.06401007971225937,0.04251620997149303,0.03623742591220001,0.04284468127899479,0.05774815111818503,0.8719820218988561,0.9262167551871724,0.5,0.816031941031941,0.8931290445374952,0.9658088235294118,1.0
122,0.18181818181818182,0.002261664377361835,0.0025482719904346878,0.020161290322580645,0.0015319233050009884,0.0013351795074671151,0.0013551301355130135,0.005646951869787933,0.06384748580692391,0.05673993400861072,0.06401007971225937,0.03832796306362533,0.03263455885474139,0.039033772055769654,0.04602406548871894,0.8630722551103571,0.9469025640379539,0.5,0.783854629465079,0.8956521739130435,0.9866071428571428,1.0
123,0.1443850267379679,0.001764769181104057,0.0036986109355336178,0.020161290322580645,0.0014330895433880214,0.0010384729502522006,0.0005915250591525059,0.011014178569555411,0.05167459179682086,0.09231861257002981,0.06401007971225937,0.03555767405086362,0.022995385816896474,0.02040983767618631,0.09812520223016416,0.9298341834858839,0.905351756710873,0.5,0.901063829787234,0.9645833333333333,1.0,1.0
124,0.2647058823529412,0.0010643397278498968,0.0009941150729473498,0.020161290322580645,0.0011860051393556038,0.0008901196716447434,0.0008819100881910088,0.0023689225336107275,0.04199440528864488,0.0277593429522774,0.06401007971225937,0.03490471060347419,0.026873889568784046,0.03687799650266638,0.02040172714632505,0.7951965336683353,0.9718555051068143,0.5,0.6983870967741935,0.7847682119205298,0.9365079365079365,1.0
125,0.07219251336898395,0.0013821633965828521,0.0007110534886343035,0.020161290322580645,0.0029650128483890096,0.002571456829195925,0.0014841901484190147,0.0014423329079179706,0.0438686609699676,0.015060933255260329,0.06401007971225937,0.06535070807554955,0.046152235373633374,0.03840236013744094,0.009658235293110856,0.8984779028556045,0.8657211109786528,0.7311320754716981,0.8443967200312378,0.9125,0.9636956521739131,1.0
126,0.22459893048128343,0.009158455160822533,0.02998068061083836,0.020161290322580645,0.0017790077090334058,0.001582434971812877,0.0012260701226070123,0.11075368450497386,0.08551568490296052,0.14823367899747475,0.06401007971225937,0.040128418182589616,0.03196911278213546,0.030911311726337987,0.18480804752711333,0.9155262971708208,0.8945536824407492,0.5,0.8489409499358151,0.9444444444444444,1.0,1.0
127,0.11229946524064172,0.015695377473059602,0.04503014475239123,0.020161290322580645,0.0019766752322593396,0.0014835327860745723,0.0011400301140030115,0.11853354079616776,0.1163764096333832,0.24359491623217594,0.06401007971225937,0.043822136866271885,0.02942150117545975,0.03585427515973943,0.22856059103930393,0.9001563575074127,0.9275659788406365,0.5,0.8674999999999999,0.9407850964737192,0.9935344827586206,1.0
128,0.2647058823529412,0.0044743137823951345,0.005390402283509439,0.020161290322580645,0.0017790077090334058,0.0017802393432894868,0.0023445902344590235,0.0158481791639714,0.07993913191936565,0.06990294631455456,0.06401007971225937,0.043822136866271885,0.03651306260662896,0.05717292919649234,0.07394987270602527,0.8704600825874078,0.8946786714152856,0.5,0.8048412234560686,0.875,0.9446360153256705,1.0
129,0.26737967914438504,0.025559453351985364,0.07510028115011512,0.020161290322580645,0.001581340185807472,0.001829690436158639,0.0024628952462895245,0.2539554887323205,0.17559941180846803,0.36684686674863753,0.06401007971225937,0.040557319629324746,0.03518217032599684,0.05572516891357773,0.3834445286298778,0.8795349216050823,0.9293398789858576,0.5,0.804815595660541,0.9261904761904762,0.979375,1.0
130,0.18449197860962566,0.00615392293092666,0.0075461438983565575,0.020161290322580645,0.0029650128483890096,0.003758283058055583,0.004646160464616046,0.02118918162904946,0.09686660633532465,0.0915382217392445,0.06401007971225937,0.06273885428599184,0.0603353585068123,0.08516628314347359,0.09982047846974543,0.8929102214411188,0.893527058822755,0.5,0.8461538461538461,0.90625,0.9596273291925466,1.0
131,0.15240641711229946,0.034625571784837106,0.12321724300390703,0.020161290322580645,0.0017790077090334058,0.001978043714766096,0.0024521402452140247,0.3777775835241875,0.20802216304502455,0.6190918568603538,0.06401007971225937,0.043822136866271885,0.03784395475184083,0.0474719386850875,0.6783839052911653,0.8754518593066234,0.9377418132642494,0.5,0.7903225806451613,0.9285714285714286,0.9604651162790698,1.0
132,0.008021390374331552,0.014835539294809715,0.011670365266147193,0.11290322580645161,0.006424194504842854,0.003659380872317278,0.021639062163906216,0.0084704278046819,0.1808506467613318,0.11933893118709096,0.3006589447068691,0.11624341186277799,0.06510765369880185,0.19245827629556497,0.03354270157904508,0.8388917134403966,0.7897966285832827,0.8062808750882146,0.830559792382817,0.8548387096774194,0.8551971326164874,0.8555555555555556
133,0.27540106951871657,0.0034493025860366767,0.0038540105505493055,0.020161290322580645,0.0014825064241945048,0.001978043714766096,0.003312540331254033,0.01215056207276351,0.06481633260797097,0.04403590537363212,0.06401007971225937,0.03751656439303191,0.039174846897052695,0.0650562867141865,0.03416960816726919,0.9125362846094648,0.8752461551193005,0.5909090909090909,0.868218954248366,0.9166666666666667,1.0,1.0
134,0.14705882352941177,0.0013249464406249083,0.0010105098118417279,0.020161290322580645,0.0013836726625815379,0.0011868262288596578,0.0016132501613250162,0.0024650780608052587,0.0443863143884172,0.022736848017523032,0.06401007971225937,0.03936342373487304,0.03196911278213546,0.046578987014071226,0.015482628196268396,0.8718879764873299,0.9080898839448317,0.5714285714285714,0.7961267605633803,0.8846153846153846,1.0,1.0
135,0.12566844919786097,0.0015614589796483743,0.0013279821334171717,0.020161290322580645,0.001581340185807472,0.0013846306003362674,0.0014196601419660141,0.0029283728736516374,0.04401804592860763,0.02384683438726427,0.06401007971225937,0.04251620997149303,0.027425162957641955,0.044869687205616945,0.015343434540623965,0.9098809319129186,0.8831808279396125,0.6896551724137931,0.848587420042644,0.935483870967742,1.0,1.0
136,0.21657754010695188,0.03933453163339458,0.12003304304365922,0.020161290322580645,0.001581340185807472,0.001681337157551182,0.0020649602064960206,0.3980663997622336,0.23975718880457755,0.5805668259506149,0.06401007971225937,0.043822136866271885,0.03651306260662896,0.0474719386850875,0.5472078127466228,0.8852878181417632,0.9147456701605718,0.5,0.8149466192170818,0.9222222222222223,0.975,1.0
137,0.10962566844919786,0.009966064150042125,0.02433622683863661,0.020161290322580645,0.002174342755485274,0.0013846306003362674,0.0015917401591740159,0.0633490095980699,0.1276066542057858,0.2244588393071275,0.06401007971225937,0.0464339906558296,0.039174846897052695,0.056987992841094307,0.20725798101102155,0.8701654293115242,0.9134103869965206,0.5,0.8088888888888889,0.875,0.9666666666666666,1.0
138,0.20855614973262032,0.002754761648552674,0.003964027880949327,0.020161290322580645,0.0013836726625815379,0.0011868262288596578,0.0013873951387395138,0.010891798807671462,0.07639437712540066,0.08879366460416674,0.06401007971225937,0.03751656439303191,0.026208443496178114,0.05020495988189832,0.0891195825584481,0.8803731275805353,0.9478408588896824,0.5,0.7517307692307692,0.9282051282051282,1.0,1.0
139,0.2807486631016043,0.0019320225669090406,0.0025602934686205854,0.020161290322580645,0.001581340185807472,0.0012857284145979626,0.0010755001075500108,0.008645256035944685,0.06017388589049962,0.06535982676775434,0.06401007971225937,0.03751656439303191,0.02875605510285382,0.038848835927519504,0.0784877484800499,0.8753867866783153,0.9453171920070396,0.5,0.7790697674418605,0.9137931034482758,1.0,1.0
140,0.3181818181818182,0.0038456704106370836,0.004317465367347949,0.020161290322580645,0.002174342755485274,0.001978043714766096,0.0026672402667240265,0.010952988688613437,0.07382306737136328,0.06216755272758834,0.06401007971225937,0.04882178244473301,0.038395228140698734,0.05591010508725746,0.047025957244860576,0.9152024588187286,0.8764517205532303,0.5,0.8826666666666667,0.9339622641509434,0.9924242424242424,1.0
141,0.24598930481283424,0.0017512012314083998,0.0014312424839390784,0.020161290322580645,0.0017790077090334058,0.0013846306003362674,0.0015487201548720156,0.0035839787408870785,0.06064356003525222,0.042618292912846044,0.06401007971225937,0.04121028307671418,0.033300004927347325,0.04858812816028389,0.03693949190555837,0.8585969928019559,0.923312403449632,0.6116207951070336,0.7663888888888889,0.8618181818181818,1.0,1.0
142,0.232620320855615,0.0017286525143755467,0.00229506649059614,0.020161290322580645,0.0011860051393556038,0.000989021857383048,0.0008819100881910088,0.005638210458224794,0.05409130360044629,0.05772259367007013,0.06401007971225937,0.031210991919791924,0.025542997423572186,0.03211996933380382,0.04832753436363137,0.8744091458009235,0.9629810208046936,0.5,0.7936233885819521,0.9166666666666667,1.0,1.0
143,0.22994652406417113,0.003063571230158234,0.004658954392753064,0.020161290322580645,0.001581340185807472,0.0011868262288596578,0.0014089051408905141,0.013566670745992063,0.07696978246838845,0.09268303881486481,0.06401007971225937,0.03778703061656304,0.027149526263212997,0.03563103726470014,0.08462688666402395,0.8806579806442694,0.9145745691922323,0.625,0.7920662598081953,0.8982758620689655,1.0,1.0
144,0.053475935828877004,0.009172495426665232,0.01015441433086913,0.020161290322580645,0.0014825064241945048,0.002175848086242706,0.0063239406323940634,0.01729051207188937,0.12155524802738328,0.09426158987323778,0.06401007971225937,0.0333283174851642,0.042273731892586305,0.12470069744566127,0.04685664359207773,0.8759118876072772,0.9010514878796303,0.722652305621003,0.8093881432459178,0.8610185525089656,1.0,1.0
145,0.11497326203208556,0.0028468539711060336,0.003498614785298634,0.020161290322580645,0.0013836726625815379,0.001681337157551182,0.0013766401376640138,0.0084704278046819,0.07156993555875962,0.07608113335932039,0.06401007971225937,0.03990435618193532,0.03518217046141709,0.03687799650266638,0.06881886423271945,0.8814953355731946,0.9325437215005704,0.5,0.7873857565455429,0.9204545454545454,1.0,1.0
146,0.0481283422459893,0.0009469493166899817,0.00045475530022620234,0.020161290322580645,0.0015319233050009884,0.0011373751359905055,0.0015809851580985159,0.0006293816325460235,0.03497490349737736,0.012932042199006588,0.06401007971225937,0.03713406716917362,0.03263455885474139,0.04299131577674454,0.005901519734730021,0.8919766969765716,0.8942881328503559,0.7222222222222222,0.804152397260274,0.9083333333333333,0.9912280701754386,1.0
147,0.22994652406417113,0.003405413927462281,0.0072412566555319115,0.020161290322580645,0.0013836726625815379,0.0011868262288596578,0.0009787050978705097,0.025682267172503017,0.08376790053816482,0.12421638075724936,0.06401007971225937,0.03490471060347419,0.03102803001510057,0.03607751305477871,0.14328839666253265,0.8409398514886863,0.9604732661461428,0.5,0.7358455882352941,0.8618181818181818,1.0,1.0
148,0.3315508021390374,0.007471805000642176,0.02787821078987028,0.020161290322580645,0.0013836726625815379,0.0013351795074671151,0.0017530651753065176,0.1257189811010682,0.10477779338845497,0.25837624249177105,0.06401007971225937,0.03229285681391649,0.031303666709529526,0.05222996571766133,0.41167109114607153,0.8819332334262484,0.9289480586559113,0.5,0.8127467653728158,0.8846711798839458,1.0,1.0
149,0.1711229946524064,0.002264473259442591,0.002668361680169762,0.020161290322580645,0.0019766752322593396,0.0016318860646820294,0.0016455151645515165,0.008269375338729698,0.07318089387197906,0.06787395589003284,0.08211486397394122,0.043822136866271885,0.04199809519815735,0.056040874940886456,0.07350840955357904,0.8272918793871227,0.9448507034437647,0.5,0.7405630153777579,0.833041958041958,0.9290674603174602,1.0
150,0.20053475935828877,0.004644069012518382,0.009568808361121976,0.020161290322580645,0.0013836726625815379,0.0013846306003362674,0.0014841901484190147,0.024161261560516793,0.09948110360483087,0.17072437641751176,0.06401007971225937,0.03490471060347419,0.031969112511294945,0.040111660036754385,0.17679032936167025,0.8604369163283332,0.9564065533858382,0.5,0.778888888888889,0.9,1.0,1.0
151,0.11497326203208556,0.0014804841853958595,0.0013045460986222113,0.020161290322580645,0.0014825064241945048,0.0012857284145979626,0.0014411701441170144,0.0032343222783615096,0.044122658885563396,0.028304640829143236,0.06401007971225937,0.03621063749825305,0.026873889568784046,0.03903377201034008,0.02370450373251968,0.901633163460432,0.934415907729206,0.5,0.8632844709115896,0.9444444444444444,1.0,1.0
152,0.3502673796791444,0.010147012074260936,0.020355288971469918,0.020161290322580645,0.0020755089938723067,0.0024725546434576206,0.0030759303075930306,0.06317418136680711,0.14015982899308987,0.19260869054450885,0.06401007971225937,0.05273956312906958,0.04748312778968573,0.06613417474060082,0.1871214082126316,0.8650473787877873,0.9035667268223255,0.5,0.7951298701298701,0.8673469387755102,0.9475,1.0
153,0.5374331550802139,0.006645134384035916,0.02515567318102292,0.020161290322580645,0.001581340185807472,0.0013846306003362674,0.0014626801462680147,0.13705659189845976,0.09536030970043152,0.1988777629516552,0.06401007971225937,0.04121028307671418,0.030638220636923588,0.04568603552477326,0.3139855246848168,0.8666901702098042,0.919273130062469,0.5,0.7625,0.8944444444444444,0.9615384615384617,1.0
154,0.053475935828877004,0.002242548154524911,0.0014753809851311005,0.020161290322580645,0.0018778414706463729,0.0017802393432894868,0.002527425252742525,0.002106680186716551,0.06387027257645987,0.03482697190497454,0.06401007971225937,0.04947474589212244,0.03623742591220001,0.0703149563111854,0.019787296592192572,0.8468597400874038,0.898551923770488,0.6562766865926558,0.7875,0.8403846153846154,0.9196428571428572,1.0
155,0.12566844919786097,0.0027217924266949955,0.0034427798896498416,0.020161290322580645,0.0019766752322593396,0.001978043714766096,0.0022155302215530223,0.009353310372558961,0.06380903637581875,0.0552047167337069,0.06401007971225937,0.04436306931333417,0.039726120285910604,0.04854982625720604,0.05134568550538418,0.8985532807418339,0.9002152176216469,0.5,0.8690802657947474,0.9212962962962963,0.99,1.0
156,0.06684491978609626,0.0017303346604971485,0.001548284642955826,0.020161290322580645,0.0013836726625815379,0.0012857284145979626,0.0017638201763820176,0.002954597108341055,0.0482612282186204,0.03516875818484668,0.06401007971225937,0.031210991919791924,0.026873889568784046,0.040111660036754385,0.024421770097807407,0.9162795400749244,0.8909492278838901,0.6798634812286689,0.8852459016393442,0.9411764705882353,1.0,1.0
157,0.1497326203208556,0.0013458670888994789,0.0009198869138014751,0.020161290322580645,0.0013836726625815379,0.0013846306003362674,0.0018283501828350182,0.0020979387751534117,0.049451876169248773,0.028527484671052525,0.06401007971225937,0.03490471060347419,0.03008694724806569,0.04819581846310819,0.01978729646715411,0.8562198994176146,0.9389610159101224,0.5,0.75,0.875,1.0,1.0
158,0.10160427807486631,0.0037198343971410284,0.0035305546073566606,0.020161290322580645,0.0020755089938723067,0.002522005736326773,0.0033663153366315338,0.007963425934019825,0.07186476633887023,0.04407463927180716,0.0746156163507193,0.045286498984254735,0.04332898720794896,0.06587263512420198,0.03069128017025414,0.9107754316925611,0.8631606571902833,0.744343891402715,0.860248447204969,0.9342672413793103,0.9607371794871795,1.0
159,0.19786096256684493,0.003298617675030028,0.007710227438695873,0.020161290322580645,0.0013836726625815379,0.001087924043121353,0.0010432351043235103,0.026031923635028584,0.09514400241959162,0.18291113488408592,0.06401007971225937,0.03490471060347419,0.02942150117545975,0.03585427488716197,0.21268092253375181,0.8602755735075777,0.9558416323689503,0.5,0.75,0.8892602495543672,1.0,1.0
160,0.26737967914438504,0.0037232325406219733,0.0037210204105358282,0.020161290322580645,0.002174342755485274,0.0026703590149342303,0.003312540331254033,0.00969422542352139,0.07726663865553468,0.05853131613943555,0.06401007971225937,0.04724538932642302,0.04532532556118703,0.06384762937929814,0.04450434089217239,0.8947732177584433,0.9036202078498641,0.5,0.85,0.9233413269384493,0.9825396825396825,1.0
161,0.26737967914438504,0.003208436457548693,0.005434872450765767,0.020161290322580645,0.0017790077090334058,0.0017802393432894868,0.002097225209722521,0.021093026101854928,0.06946481132974085,0.07047972725020152,0.06401007971225937,0.040939816853183035,0.03651306260662896,0.05622581106913661,0.08988826677572553,0.8845414844414197,0.9172269621005563,0.5,0.7966699076324745,0.9213048855905999,0.9888059701492538,1.0
162,0.713903743315508,0.004628670204426754,0.014783964520738357,0.020161290322580645,0.001581340185807472,0.0012857284145979626,0.0017638201763820176,0.08099791954404797,0.0871729005635815,0.19934459156834425,0.06401007971225937,0.03859842928715647,0.03196911278213546,0.045686035433914106,0.41473959022141854,0.8775301170971085,0.9088234895225301,0.5,0.7905964228079613,0.8928571428571428,1.0,1.0
163,0.4411764705882353,0.002680936123312105,0.0033446851548807766,0.020161290322580645,0.001581340185807472,0.001681337157551182,0.001806840180684018,0.009938984947289288,0.06818002559952824,0.05839579879223241,0.06401007971225937,0.03859842928715647,0.034630897072559196,0.05267644164402862,0.05658318368164976,0.8728055078867241,0.9174392836642563,0.5,0.7888146911519198,0.8947368421052632,0.9772727272727273,1.0
164,0.1711229946524064,0.002700285160873776,0.002206836096392619,0.020161290322580645,0.0017790077090334058,0.0017307882504203342,0.0022908152290815227,0.003802514029965559,0.06597935777942167,0.04503788648789179,0.06401007971225937,0.039475454735200186,0.03623742591220001,0.05295384599540736,0.030969667356504537,0.912459605099456,0.8967638958584508,0.6706896551724137,0.8612616099071208,0.9495762711864407,1.0,1.0
165,0.0855614973262032,0.003014365651565695,0.003590063406105428,0.020161290322580645,0.001581340185807472,0.0011373751359905055,0.0011722951172295118,0.005489606461651427,0.07955357217191185,0.08788371018849306,0.06401007971225937,0.040939816853183035,0.026208443496178114,0.028363226748636467,0.05715501849035439,0.8914018924411097,0.9790652344093004,0.5,0.859375,0.97140522875817,1.0,1.0
166,0.15775401069518716,0.006565904353012199,0.012715689875469867,0.020161290322580645,0.001581340185807472,0.001681337157551182,0.002409120240912024,0.037596811133061764,0.10909101563997219,0.1763124844455044,0.06401007971225937,0.038057496840094185,0.033300004927347325,0.051675156969474265,0.18717906409059842,0.9174051185594194,0.8819231689273943,0.6325503931870471,0.849802371541502,0.9444444444444444,1.0,1.0
167,0.09090909090909091,0.002457257518309164,0.004584197945475409,0.020161290322580645,0.0016307570666139553,0.0012857284145979626,0.0011292751129275112,0.010918023042360881,0.04963552566193747,0.05088665731640273,0.06401007971225937,0.03843999406395247,0.03141783939327755,0.040111659855036084,0.04321782379876476,0.9147112570457847,0.8853969695664076,0.625,0.8587662337662338,0.9354166666666667,1.0,1.0
168,0.24598930481283424,0.007173702506327811,0.02353814743041057,0.020161290322580645,0.0017790077090334058,0.001582434971812877,0.001505700150570015,0.08948583017185616,0.08853773767824016,0.17187198990983668,0.06401007971225937,0.04316917341888246,0.033300004927347325,0.040111659900465654,0.20783605368493957,0.8934443080241365,0.9149673986442137,0.5,0.8333333333333333,0.9212158808933002,0.9886363636363635,1.0
169,0.18983957219251338,0.00997509862792379,0.037755780127149884,0.020161290322580645,0.0013836726625815379,0.001087924043121353,0.0008173800817380082,0.12916309725694505,0.1065113051988299,0.3283500295458685,0.06401007971225937,0.03490471060347419,0.022329939744290542,0.02646899058478415,0.40068449988979943,0.9212900287661696,0.9082325328467267,0.5,0.8689701094998521,0.96875,1.0,1.0
170,0.37967914438502676,0.008213057533839647,0.02842888686925322,0.020161290322580645,0.001581340185807472,0.0013351795074671151,0.001796085179608518,0.13564922463679435,0.10493566857225607,0.2332976715840841,0.06401007971225937,0.03859842928715647,0.030638220636923588,0.04383010099142134,0.38864566892592894,0.8992848455578013,0.9120319953210375,0.5,0.8346153846153845,0.9281411359724613,1.0,1.0
171,0.35561497326203206,0.0049363697633193065,0.021377120207884594,0.020161290322580645,0.0013836726625815379,0.001087924043121353,0.0007743600774360078,0.09963460899666078,0.08181888161838392,0.25072737770926373,0.06401007971225937,0.03229285681391649,0.024212105278360315,0.026653926667604723,0.4100911264480723,0.9069928149072982,0.9173830027815778,0.5714285714285714,0.8333333333333333,0.9583333333333333,1.0,1.0
172,0.08288770053475936,0.0022910064113467296,0.0018449898962776907,0.020161290322580645,0.0013836726625815379,0.001978043714766096,0.0016777801677780168,0.0029283728736516374,0.06055706712802392,0.04236829708669394,0.0746156163507193,0.03359878370869534,0.03596178921777106,0.03814082043018296,0.028081887781696943,0.9008844085950718,0.9247010221296276,0.625,0.8252551020408163,0.96,1.0,1.0
173,0.2192513368983957,0.002098091141247149,0.002540869696200363,0.020161290322580645,0.0014330895433880214,0.0012857284145979626,0.0014089051408905141,0.007849787583699015,0.07498993800000382,0.08053993031068676,0.06401007971225937,0.04039888440612076,0.03263455885474139,0.0452778613651951,0.08754220204820942,0.8253180476764264,0.9629074137955521,0.5,0.7337278106508875,0.8352713178294573,0.9485767991407089,1.0
174,0.18449197860962566,0.0029300533204827694,0.003311083363902286,0.020161290322580645,0.0017790077090334058,0.001582434971812877,0.0022370402237040224,0.009615552719453137,0.07426218674004952,0.06245345371448784,0.06401007971225937,0.040128418182589616,0.03784395475184083,0.06003672011064343,0.05730044999334957,0.879314948454736,0.9054138960662302,0.6535226077812828,0.8049645390070922,0.8829113924050633,1.0,1.0
175,0.17914438502673796,0.006511079596101062,0.02015130626898301,0.020161290322580645,0.001581340185807472,0.0012857284145979626,0.0013336201333620133,0.0669592125736464,0.10650124656958893,0.24650011184868537,0.06401007971225937,0.03490471060347419,0.025542997423572186,0.04550109926023438,0.29111542624270376,0.8808386637033396,0.9183321556175101,0.6573569482288828,0.7815557729941291,0.8974358974358974,1.0,1.0
176,0.42245989304812837,0.008388510747847503,0.014166683483270428,0.020161290322580645,0.0016307570666139553,0.002274750271981011,0.004560120456012046,0.05961642686060945,0.10747972950546716,0.1297015383191206,0.06401007971225937,0.043822136866271885,0.04078137573669351,0.07563436429791645,0.1957281607631315,0.8953091779167793,0.9093056223775136,0.5,0.8426903910735565,0.9126199887069453,0.9837301587301588,1.0
177,0.06417112299465241,0.0043706732666164505,0.006688028222681197,0.020161290322580645,0.0013342557817750543,0.0013351795074671151,0.0012583351258335126,0.013321911222224165,0.0938263163467697,0.12467936794990654,0.0746156163507193,0.03398128093255363,0.03008694724806569,0.03141195392732643,0.08882871924879288,0.846272402191254,0.9485259043439332,0.5,0.7923387096774194,0.875705007101783,0.9347587719298246,1.0
178,0.053475935828877004,0.06796083073280965,0.1506319764458204,0.020161290322580645,0.0011860051393556038,0.0007417663930372861,0.0009464400946440094,0.27343135369499466,0.23078380018076755,0.4830554559674845,0.06401007971225937,0.030558028472402497,0.019116882065008903,0.02606081642520599,0.31377512957383363,0.8703652946844493,0.9928911287373764,0.5,0.8326450892857142,0.9242424242424243,1.0,1.0
179,0.0106951871657754,1.0,1.0,0.05241935483870968,0.003459181656453845,0.0029670655721491445,1.0,0.8117012535184182,1.0,1.0,0.16203324864389046,0.08710334128548147,0.07596354606269036,0.796628224656655,0.29298197455891306,0.9043971499271515,0.959813898367707,0.6952380952380952,0.8769345238095239,0.9611752522352555,0.9886378783528833,1.0
180,0.0053475935828877,0.4125901215969009,0.2919140675618937,0.020161290322580645,0.9478651907491599,0.9480269013945208,0.6184448268444827,0.16753789401912622,0.6795175551673255,0.5000433602772589,0.06401007971225937,0.7817663413824443,0.7853514017718122,0.7865770773254912,0.10284272790785996,0.9958627341489417,0.7563158870488348,0.9917254682978832,0.9937941012234124,0.9958627341489417,0.9979313670744707,1.0
181,0.1443850267379679,0.07948635173428029,0.2660110400225308,0.020161290322580645,0.002569677801937142,0.003511027593709821,0.004033125403312541,0.7935278588786517,0.2368685999897025,0.5770240527006419,0.06401007971225937,0.0577392087075307,0.05790191958388462,0.06477888231737819,0.6110242128859338,0.904526405174227,0.8878024507611825,0.5,0.866149836943862,0.9289321789321789,0.9676756729509024,1.0
182,0.1497326203208556,0.0038323776729027995,0.0036245020626038825,0.024193548387096774,0.00212492587467879,0.001978043714766096,0.0024951602495160248,0.007071801954579625,0.07452489459323558,0.05531253152738319,0.08211486397394122,0.043822136866271885,0.04305335051352001,0.04819581869025607,0.03678782228727285,0.9197052311772276,0.8717401539664906,0.7163670179789212,0.8891225961538461,0.9380896226415094,1.0,1.0
183,0.3449197860962567,0.00536537879223922,0.014067218959907637,0.020161290322580645,0.001581340185807472,0.0013846306003362674,0.0018928801892880188,0.06389971852654766,0.09443209903840294,0.14225063568721055,0.06401007971225937,0.03859842928715647,0.030638220636923588,0.0453161629956955,0.21505345322370076,0.8748508151380636,0.9173204144976016,0.5,0.7954545454545454,0.8863636363636364,1.0,1.0
184,0.06417112299465241,0.003604863876035726,0.0042586084767130255,0.020161290322580645,0.0018778414706463729,0.0015329838789437246,0.0015272101527210153,0.007159216070211018,0.07886899196463332,0.07648743248998026,0.06401007971225937,0.04512806376105074,0.03745414550908411,0.04252897516082691,0.04459835461462842,0.8786984035816836,0.8941280553310258,0.6517974572555897,0.8215944272445821,0.8759590792838874,0.9487068965517241,1.0
185,0.2620320855614973,0.013674545466524069,0.027760275511394074,0.020161290322580645,0.0035580154180668115,0.003758283058055583,0.0054742955474295545,0.09909264147974615,0.14079977585939824,0.17741603073566248,0.06401007971225937,0.06823302808863839,0.053633606318399814,0.08111627165366589,0.1943200941200273,0.9014617883452504,0.8856919860413364,0.5,0.869969758064516,0.923344017094017,0.9713541666666665,1.0
186,0.3422459893048128,0.002355267405574088,0.0022694187047761654,0.020161290322580645,0.0017790077090334058,0.0016318860646820294,0.00202194020219402,0.006608507141733247,0.06603472464501547,0.05085116639200846,0.06401007971225937,0.04121028307671418,0.03557197983959408,0.05172932351667289,0.04835507026232244,0.8748089813813327,0.9031317016078968,0.5,0.7996753246753247,0.875,0.9756944444444444,1.0
187,0.06417112299465241,0.001675095950356899,0.0017280813511205667,0.020161290322580645,0.0015319233050009884,0.0012857284145979626,0.000903420090342009,0.0030332698124093077,0.04755749028872795,0.031456907585031675,0.06401007971225937,0.03686360094564248,0.0291458644810308,0.0321741357901433,0.016732787391598933,0.896820241038746,0.9425370450579144,0.64,0.8127198410630536,0.9602941176470587,1.0,1.0
188,0.0855614973262032,0.018617507801571075,0.047408613712450406,0.020161290322580645,0.0015319233050009884,0.001087924043121353,0.0011077651107765111,0.10897043654609347,0.1295632025170031,0.23368847256992412,0.06401007971225937,0.03594017127472191,0.028204781713995913,0.032081667703303424,0.1897422064310826,0.9053327701885193,0.9011165085366882,0.6805993690851735,0.8204365079365079,0.9330357142857143,1.0,1.0
189,0.12834224598930483,0.054641486423472864,0.18379415963574558,0.020161290322580645,0.0013836726625815379,0.001582434971812877,0.0015272101527210153,0.5169321141978006,0.1684276633580121,0.43652992325717127,0.06401007971225937,0.03751656439303191,0.03341417761109535,0.04743363673658006,0.43936930319375134,0.8462974729555273,0.9618679150916777,0.5,0.7667900219298245,0.862781954887218,0.9747023809523809,1.0
190,0.24866310160427807,0.0024377233875885304,0.0029107854613913075,0.020161290322580645,0.0017790077090334058,0.001681337157551182,0.0020649602064960206,0.006940680781132537,0.06262343054672194,0.05504205532708598,0.06401007971225937,0.043822136866271885,0.036513062335788445,0.05178348988215319,0.05507851911046637,0.8777664141435289,0.9016236310461452,0.5,0.8,0.8923076923076922,0.9722222222222222,1.0
191,0.0053475935828877,0.43520929732056385,0.30786372950589797,0.028225806451612902,1.0,1.0,0.6523123252312325,0.17670763474885925,0.8652401378978664,0.6334304483807606,0.10771889585884496,1.0,1.0,1.0,0.1306444013877092,0.9264238294898672,0.8563005488778274,0.875,0.9007119147449336,0.9264238294898672,0.9521357442348009,0.9778476589797345
192,0.26737967914438504,0.0024741203056063703,0.00433250272518841,0.020161290322580645,0.0013836726625815379,0.0011868262288596578,0.0012475801247580124,0.015804472106155702,0.07177096877622942,0.10438211321304071,0.06401007971225937,0.03490471060347419,0.028090609030247887,0.04657898710493038,0.13974617477943627,0.8644503778524408,0.9405637872829479,0.5,0.7473958333333334,0.9,1.0,1.0
193,0.1925133689839572,0.008108253524157968,0.02522711322851339,0.020161290322580645,0.001581340185807472,0.0013846306003362674,0.0014734351473435147,0.08652249165195196,0.11622894363909346,0.291257455155887,0.06401007971225937,0.03751656439303191,0.02781497233581894,0.0358925766539511,0.35547354171159745,0.925783822775412,0.8777085607413071,0.6859536314076322,0.8605623100303952,0.9535714285714286,1.0,1.0
194,0.08288770053475936,0.02109253236046556,0.047747117714125605,0.020161290322580645,0.0009883376161296698,0.0011868262288596578,0.0012475801247580124,0.1076417419884963,0.1729017242722438,0.29121912614734613,0.06401007971225937,0.028599138130234212,0.02366083188950241,0.032304905598342704,0.22034495342185395,0.8889831525573221,0.9465674445648544,0.5,0.7614292311244516,0.9571428571428572,1.0,1.0
195,0.03208556149732621,0.07003838014275979,0.12037755553547305,0.020161290322580645,0.0013836726625815379,0.0011868262288596578,0.0009356850935685094,0.1692949177433172,0.17014033728591327,0.2521791142979015,0.08211486397394122,0.03686360094564248,0.030752393320671617,0.04516952836165702,0.12824433478120656,0.8493516026950538,0.9880476144944437,0.5,0.8115530303030303,0.8831521739130435,0.973370554466536,1.0
196,0.034759358288770054,0.06835583441631005,0.12240760900156555,0.020161290322580645,0.0011860051393556038,0.0007912174859064385,0.0006453000645300065,0.17915522998653824,0.18675460828171747,0.31539252126304357,0.06401007971225937,0.028599138130234212,0.019116882065008903,0.019293648200989912,0.16555181686371792,0.9313943532246638,0.9486204164606686,0.5,0.9189189189189189,0.9705882352941175,1.0,1.0
197,0.5641711229946524,0.015298678157079961,0.07311075378804774,0.020161290322580645,0.0017790077090334058,0.001978043714766096,0.0022370402237040224,0.42365251140754207,0.13516155235837465,0.4219625077457049,0.06401007971225937,0.04566899620811303,0.039726120285910604,0.046394050840391506,0.8450345246496112,0.8893073480262665,0.9241029783704655,0.5,0.8351401774909237,0.9242424242424243,0.978713768115942,1.0
198,0.22459893048128343,0.0027096688239483893,0.005236678761190431,0.020161290322580645,0.0013836726625815379,0.0011373751359905055,0.0011830501183050118,0.018531792513855137,0.07354872877282168,0.10795490389098149,0.06401007971225937,0.03751656439303191,0.026759716885036026,0.042267435589857655,0.1347392997935106,0.8620374741759526,0.9388157631495653,0.5,0.7625538020086083,0.875,1.0,1.0
199,0.22192513368983957,0.0017829199073275779,0.0019444611207850558,0.020161290322580645,0.0011860051393556038,0.0007912174859064385,0.0009249300924930093,0.004886449063794821,0.05193668586772648,0.04812893197360782,0.06401007971225937,0.028599138130234212,0.022329939744290542,0.03446068128773471,0.04679898769624824,0.9016780204765071,0.9236916709993762,0.5192307692307692,0.8302234909141544,0.9333333333333333,1.0,1.0
200,0.1443850267379679,0.02517944609841737,0.08484611318852538,0.020161290322580645,0.0014330895433880214,0.0013351795074671151,0.00200043020004302,0.25322995157257994,0.22941902170129522,0.6845255680417112,0.06401007971225937,0.04121028307671418,0.03141783939327755,0.04356856146588166,0.7292535971295631,0.8582559864994332,0.9517386779121665,0.5,0.7877291575353924,0.8686810453969976,0.971876297218763,1.0
201,0.040106951871657755,0.003670145988019656,0.003847719042223986,0.020161290322580645,0.0029650128483890096,0.0018791415290277916,0.0035276403527640353,0.0062326264445182605,0.09777490492973087,0.08093581029044318,0.06401007971225937,0.06219792157316954,0.046152235373633374,0.08605923490534902,0.04694441936000717,0.8501511202244716,0.9297955958739336,0.640314769975787,0.7570643642072213,0.8571428571428572,0.9586834733893557,1.0
202,0.045454545454545456,0.10655205372797995,0.21634355018010207,0.020161290322580645,0.0019766752322593396,0.002175848086242706,0.001505700150570015,0.3622440951764891,0.307013278290386,0.5631730735340662,0.06401007971225937,0.040128418182589616,0.04105701243112247,0.04583924204677486,0.3386490115818178,0.859126071246225,0.9859092232725916,0.5,0.8483606557377049,0.8846153846153846,1.0,1.0
203,0.053475935828877004,0.00261702356612504,0.0020994179653754568,0.020161290322580645,0.0016801739474204388,0.0017802393432894868,0.002376855237685524,0.0026923547614468783,0.06507939086285296,0.03932108221675945,0.0746156163507193,0.03702203616884647,0.04039156635851653,0.05895883240223616,0.018597377141061952,0.8673494951824124,0.9051644726807295,0.6666666666666666,0.7847467695116812,0.8596556886227544,1.0,1.0
204,0.22727272727272727,0.002397756692260461,0.002315078781866799,0.020161290322580645,0.0017790077090334058,0.0018791415290277916,0.002107980210798021,0.005620727635098515,0.06049417251214715,0.048210140537074016,0.06401007971225937,0.043822136866271885,0.034630897072559196,0.04568603552477326,0.041822232957537925,0.9161824286783337,0.9009385637080343,0.5,0.9,0.9473684210526316,1.0,1.0
205,0.15240641711229946,0.0065002709075497305,0.0051352249514982915,0.020161290322580645,0.0037556829412927458,0.006329739887251508,0.006754140675414067,0.009895277889473593,0.09977048341855083,0.062191039639223775,0.08211486397394122,0.06904442675923181,0.07020287691215325,0.08984770723305366,0.04904221663047175,0.9107626329065832,0.8764816393039487,0.5,0.8645833333333333,0.9285714285714286,0.9651162790697674,1.0
206,0.22727272727272727,0.01526512681904786,0.056719300709069935,0.020161290322580645,0.0017790077090334058,0.0014835327860745723,0.0011185201118520112,0.21204042028706796,0.15425897880228806,0.4399603981086566,0.06401007971225937,0.04121028307671418,0.033300004927347325,0.035800108657970384,0.5832885730217813,0.8892159848492249,0.8983392050985176,0.5,0.8244274809160306,0.9111111111111111,0.9722222222222222,1.0
207,0.26737967914438504,0.0021797051544173033,0.002529048021385632,0.020161290322580645,0.0017790077090334058,0.001681337157551182,0.0014304151430415144,0.006940680781132537,0.060433687172112234,0.05904569287631976,0.06401007971225937,0.04121028307671418,0.03518217046141709,0.03795588434736238,0.05117013395166266,0.9031380239014801,0.9281599492360364,0.5,0.8406818181818182,0.9534632034632033,1.0,1.0
208,0.058823529411764705,0.003599972608904063,0.003266721168269385,0.020161290322580645,0.0018284245898398893,0.0013846306003362674,0.0019574101957410195,0.0049476389447367965,0.07394426169296411,0.04868905498666141,0.06401007971225937,0.04186324652410361,0.03811959144626978,0.058997134078166126,0.02488818497904679,0.8657610744378741,0.9238324719843696,0.675,0.7740652737412614,0.8765625,0.9910714285714286,1.0
209,0.45454545454545453,0.008960571207930068,0.03512315926237696,0.020161290322580645,0.001581340185807472,0.0018791415290277916,0.002409120240912024,0.18504694138009406,0.13059268169993657,0.38428338420869906,0.06401007971225937,0.04121028307671418,0.03623742591220001,0.05209919609118022,0.7202854046848527,0.8717825523157146,0.9280049815410273,0.5,0.7900574815879289,0.8994949494949496,0.9751984126984127,1.0
210,0.15240641711229946,0.014327328058659508,0.0390137072471862,0.020161290322580645,0.0023720102787112077,0.0035604786865789735,0.0035276403527640353,0.11949509606811308,0.15798556183682408,0.33116087440183983,0.06401007971225937,0.05273956312906958,0.06487930806046528,0.06613417446802336,0.3627184769882859,0.887023718287671,0.9057658711730384,0.5,0.8482142857142857,0.9135135135135135,0.9464285714285714,1.0
211,0.13636363636363635,0.0066117655498657,0.01320839142092885,0.020161290322580645,0.0011860051393556038,0.0012857284145979626,0.0015917401591740159,0.03627685798702775,0.10701209846368527,0.1788238176332545,0.06401007971225937,0.028599138130234212,0.02953567385920778,0.03616998109618899,0.17448320655922803,0.9006509875288002,0.948442719208953,0.5,0.8025871172122492,0.9607843137254902,1.0,1.0
212,0.08021390374331551,0.05152552100147064,0.13945647675674155,0.020161290322580645,0.0013836726625815379,0.0008901196716447434,0.0008173800817380082,0.3100141610867323,0.25438562511841634,0.6595591970691725,0.06401007971225937,0.03490471060347419,0.020723410904649724,0.02602251479470559,0.5237445813015636,0.9290138313365944,0.8747293306178374,0.7,0.8846685928824947,0.9613152804642167,1.0,1.0
213,0.06684491978609626,0.001806090605832347,0.0011910114297847903,0.020161290322580645,0.0023720102787112077,0.0017802393432894868,0.0015917401591740159,0.0018007307820066783,0.059025533297403975,0.03173032507948217,0.0746156163507193,0.04751585554995416,0.03706433599548687,0.04999758672183895,0.01648451991668476,0.8766522368363737,0.9164526807119981,0.6363636363636364,0.8,0.8991935483870968,0.9722222222222222,1.0
214,0.32085561497326204,0.02627318053014814,0.12106313517775191,0.020161290322580645,0.0013836726625815379,0.001582434971812877,0.002796300279630028,0.5382611584118604,0.1852473335750637,0.6319485050497596,0.06401007971225937,0.03751656439303191,0.03424108769438221,0.06280804311967296,1.0,0.8704882942865251,0.9355178415752698,0.5,0.8006030838664566,0.8997084548104957,1.0,1.0
215,0.10160427807486631,0.007234647470931714,0.012164059838499055,0.020161290322580645,0.0011860051393556038,0.0013846306003362674,0.0020434502043450205,0.029056452035874755,0.1207507902387646,0.18725040635219692,0.06401007971225937,0.028599138130234212,0.03008694724806569,0.04765687494962638,0.16306762825605187,0.9032222622817607,0.9395480060545455,0.5,0.8153176229508197,0.9621428571428572,1.0,1.0
216,0.27540106951871657,0.005895657969930389,0.022746741755894022,0.020161290322580645,0.0013836726625815379,0.001087924043121353,0.0010539901053990106,0.093620517841221,0.08828129687848767,0.2395690145911143,0.06401007971225937,0.03490471060347419,0.026873889568784046,0.03516869660335294,0.3500942657276521,0.8847189071365471,0.9055059915684424,0.5833333333333333,0.8131127450980392,0.9,1.0,1.0
217,0.3689839572192513,0.01844898061030821,0.0775727359949225,0.020161290322580645,0.001581340185807472,0.0016318860646820294,0.002323080232308023,0.3675938390531303,0.17717325448263713,0.5720714225424818,0.06401007971225937,0.04105184785351018,0.03490653376698814,0.060444894315651164,0.9632566002700875,0.8820699549362768,0.9045470455202347,0.5,0.8095079787234043,0.9,1.0,1.0
218,0.3609625668449198,0.017575634388289074,0.06721250363533945,0.020161290322580645,0.0019766752322593396,0.001978043714766096,0.0028393202839320283,0.3023129774996066,0.16969554301446782,0.4815573041688045,0.06401007971225937,0.043822136866271885,0.03784395475184083,0.05159855389019177,0.7251457777135084,0.9013449640780982,0.8967554260945155,0.5,0.8524705882352941,0.925,1.0,1.0
219,0.11229946524064172,0.00733270818281041,0.01104980229354695,0.020161290322580645,0.0017790077090334058,0.0018791415290277916,0.0039793503979350395,0.026879840556653087,0.11495895877645596,0.14137099899069677,0.06401007971225937,0.04121028307671418,0.037178508679234896,0.06128367953032796,0.12197589477005655,0.9106013065186735,0.8866200971229029,0.6459878624409979,0.8443934114665822,0.9286751361161525,1.0,1.0
220,0.26737967914438504,0.016319380178629075,0.05288123937864117,0.020161290322580645,0.002174342755485274,0.0017802393432894868,0.002581200258120026,0.21101767513418065,0.15513650971483628,0.3403851164740659,0.06401007971225937,0.049857243115980734,0.039726120285910604,0.05940530823774429,0.471336007062911,0.872864550207421,0.9151785997503785,0.5,0.8000811688311689,0.8751996805111821,0.9666353383458647,1.0
221,0.18449197860962566,0.02220964197767682,0.04843479137734604,0.020161290322580645,0.001581340185807472,0.001978043714766096,0.004689180468918047,0.149880242661585,0.20402044277355627,0.337185959421197,0.06401007971225937,0.03751656439303191,0.04293917796519224,0.07691305291498336,0.35247303435426497,0.8783567701551451,0.9215355516237737,0.5,0.7974137931034483,0.8958333333333333,1.0,1.0
222,0.3181818181818182,0.016730764187736866,0.07686976424667369,0.020161290322580645,0.001581340185807472,0.001681337157551182,0.002409120240912024,0.340512946030525,0.16247099603094944,0.5848871129047586,0.06401007971225937,0.03882249128781076,0.036513062335788445,0.051968426419269534,0.9237775353633256,0.8885020851988872,0.9073816241985456,0.5625,0.8158938602542624,0.9090909090909092,0.99,1.0
223,0.16844919786096257,0.01163736487098157,0.04066494117913614,0.020161290322580645,0.0017790077090334058,0.0012857284145979626,0.0009249300924930093,0.13099879368520428,0.12554973447219894,0.3601407654595946,0.06401007971225937,0.04251620997149303,0.03141783939327755,0.029441114411614167,0.4135673152870764,0.9049137087251135,0.894444886856318,0.5,0.8269736842105263,0.9285714285714286,1.0,1.0
224,0.1925133689839572,0.003109269820773103,0.002922553701613992,0.020161290322580645,0.001581340185807472,0.0016318860646820294,0.0023338352333835233,0.005122467175999581,0.08447644004492552,0.0703036072372749,0.06401007971225937,0.04121028307671418,0.036788699301057916,0.050613134086906056,0.0450585316306544,0.864447298722997,0.9357968259262104,0.5,0.75,0.8943381180223285,0.985,1.0
225,0.32620320855614976,0.005625951491780345,0.011197356965603316,0.020161290322580645,0.002174342755485274,0.002423103550588468,0.0024736502473650247,0.04534170177800311,0.09545820087979068,0.12818920803272355,0.06401007971225937,0.050780672786901286,0.04360462390237792,0.053846797484705326,0.17798283260758338,0.8827546987846405,0.8932555094860948,0.5,0.8155531337110653,0.8974358974358974,0.9574402939375382,1.0
226,0.22192513368983957,0.01559717833996051,0.0474573889299979,0.020161290322580645,0.0017790077090334058,0.0020769459005044013,0.003807270380727038,0.17442612633087992,0.16815517859549442,0.3582233506714963,0.06401007971225937,0.04697492310289188,0.04105701243112247,0.07063066220220539,0.4622363735258378,0.8693849850662905,0.9170118038916177,0.5,0.7996914734480179,0.8778409090909092,0.9687378262563303,1.0
227,0.4625668449197861,0.008831807644388933,0.03737899822601258,0.020161290322580645,0.0019766752322593396,0.0018791415290277916,0.00197892019789202,0.19836011119075508,0.11223377332207636,0.3135333545370777,0.06401007971225937,0.043822136866271885,0.038395228140698734,0.05052066595463662,0.5858917271878723,0.8957026864572393,0.8910677689260428,0.625,0.8360576923076923,0.9166666666666667,0.9814814814814814,1.0
228,0.17647058823529413,0.006860817363346149,0.020305596998087684,0.020161290322580645,0.001581340185807472,0.0013351795074671151,0.0010647451064745106,0.06645221070298432,0.09686687885880534,0.20370034780756685,0.06401007971225937,0.03751656439303191,0.026873889568784046,0.03526116473562239,0.23342568793174767,0.8965908265366982,0.9019339723938281,0.6206896551724138,0.8200843513670739,0.9141116352201257,1.0,1.0
229,0.19518716577540107,0.004236507372613648,0.009670268588607115,0.020161290322580645,0.001581340185807472,0.0012857284145979626,0.0014626801462680147,0.028698054161786044,0.1039212816397419,0.2070385362293906,0.06401007971225937,0.03751656439303191,0.03008694724806569,0.04353025983538126,0.22713229606676605,0.8856853315724457,0.9126050432049243,0.6028225806451613,0.8065843621399177,0.9166666666666667,1.0,1.0
230,0.2620320855614973,0.002658134167257778,0.0031152456371709644,0.020161290322580645,0.001581340185807472,0.0013846306003362674,0.0012260701226070123,0.007832304760572737,0.06908957268076862,0.06706541247862646,0.06401007971225937,0.03751656439303191,0.03263455885474139,0.037062932767205264,0.05680391518642232,0.8973454922197124,0.9005649644722544,0.642304060434372,0.8280067283431455,0.9285714285714286,1.0,1.0
231,0.18983957219251338,0.003311897642175013,0.005349721146017751,0.020161290322580645,0.0013836726625815379,0.0012857284145979626,0.0012260701226070123,0.014047448381964719,0.07876565345356229,0.09644919221726007,0.06401007971225937,0.03490471060347419,0.02875605510285382,0.040928008355910706,0.09298795585591965,0.868563034546618,0.9290641966080826,0.5,0.7537625418060201,0.8913043478260869,1.0,1.0
232,0.3850267379679144,0.003754020349845164,0.011818639814550709,0.020161290322580645,0.0015319233050009884,0.0013351795074671151,0.001215315121531512,0.05716009021136733,0.08001718044779967,0.18158413961104697,0.06401007971225937,0.03751656439303191,0.02942150117545975,0.040111660036754385,0.31032647706222394,0.8911794418710269,0.907524290909029,0.6417337234820776,0.8092334494773519,0.9090909090909092,1.0,1.0
233,0.09893048128342247,0.023566706704552395,0.05692895022693401,0.024193548387096774,0.003162680371614944,0.0028681633864108395,0.0037427403742740376,0.1407891746359202,0.17583085971888424,0.3043616902986671,0.08211486397394122,0.06535070807554955,0.051475804225321345,0.07475727722559136,0.2671358762444673,0.8957589080094396,0.8475695067415862,0.7647058823529411,0.8363095238095238,0.8902439024390244,0.9444444444444444,1.0
234,0.18983957219251338,0.011691974725789365,0.020305220601392105,0.020161290322580645,0.0027673453251630758,0.002769261200672535,0.00496881049688105,0.054458994038357314,0.14217622241290237,0.17650572374375845,0.06401007971225937,0.06273885428599184,0.04936529332375552,0.08876981911578019,0.14518827448099036,0.8913344332742915,0.8830711499252697,0.675531914893617,0.8350767085076709,0.8918918918918919,0.9723484848484848,1.0
235,0.31016042780748665,0.008063169534354741,0.010183478795089934,0.020161290322580645,0.002174342755485274,0.0029670655721491445,0.0041406754140675415,0.024030140387069705,0.12673311666412101,0.12231922464477916,0.06401007971225937,0.04751585541707414,0.050696185468967384,0.07474141271775933,0.09854278332213591,0.8870730578850429,0.9051221509054558,0.5,0.8150660610743021,0.9160798122065728,0.9767400568181819,1.0
236,0.6122994652406417,0.008503747714507374,0.03705968703611973,0.020161290322580645,0.0013836726625815379,0.0017802393432894868,0.0020649602064960206,0.22628017972342174,0.12519604319927316,0.37702126759485877,0.06401007971225937,0.03859842928715647,0.03518217019057658,0.0497809208964811,0.81377430666892,0.872070377698742,0.9198146011100446,0.5,0.7884130982367759,0.9,0.9791666666666667,1.0
237,0.09090909090909091,0.0017153961552338571,0.0012484518803845663,0.020161290322580645,0.0013836726625815379,0.0013351795074671151,0.001602495160249516,0.001870662074511792,0.05200916578910927,0.029075080443198963,0.0746156163507193,0.03490471060347419,0.03451672438881116,0.040835540178211685,0.01567323977535309,0.874792946117513,0.9158410990244702,0.6388888888888888,0.8102529264214047,0.8708333333333333,1.0,1.0
238,0.09893048128342247,0.0027082285125973925,0.0030136482501300424,0.020161290322580645,0.0013836726625815379,0.0014835327860745723,0.0017208001720800173,0.006407454675781045,0.061412323174473135,0.04484995104342385,0.06401007971225937,0.03859842928715647,0.03008694724806569,0.04063473908783374,0.02760041294654494,0.8510633503778003,0.9130899869173351,0.5833333333333333,0.7588832487309645,0.8461538461538461,0.9444444444444444,1.0
