Nombre de archivo,Clase,X,Y,H,S,V,B,G,R,H_hsl,S_hsl,L_hsl,L_lab,A_lab,B_lab,L_luv,U_luv,V_luv
L0/17.jpg,Marbling,3,34,8,43,243,202,213,243,8,223,161,223,110,148,223,137,137
L0/17.jpg,Marbling,114,162,176,70,186,142,135,186,176,161,69,156,119,138,157,149,132
L0/17.jpg,Marbling,133,74,174,94,193,136,122,193,174,158,93,150,129,137,151,157,132
L0/17.jpg,Marbling,197,38,176,71,220,167,159,220,176,190,119,182,124,139,182,152,133
L0/17.jpg,Marbling,32,48,176,95,232,157,146,232,176,189,166,177,137,141,178,162,136
L0/17.jpg,Marbling,88,16,178,122,244,135,127,244,178,186,215,170,156,149,170,173,144
L0/17.jpg,Marbling,51,5,176,111,190,118,107,190,176,149,99,139,137,141,140,162,137
L0/17.jpg,Marbling,113,18,175,116,184,114,100,184,175,142,95,133,137,139,134,163,135
L0/17.jpg,Marbling,132,76,175,98,188,128,116,188,175,152,89,144,130,138,145,158,134
L0/17.jpg,Marbling,70,157,175,96,175,120,109,175,175,142,74,136,127,138,136,156,133
L0/17.jpg,Carne,110,87,173,132,143,86,69,143,173,106,89,99,131,136,100,161,133
L0/17.jpg,Carne,36,138,175,130,141,81,69,141,175,105,87,98,131,139,99,160,135
L0/17.jpg,Carne,168,158,174,123,129,79,67,129,174,98,81,93,125,137,93,156,133
L0/17.jpg,Carne,94,120,174,130,129,76,63,129,174,96,88,90,127,138,90,158,133
L0/17.jpg,Carne,194,126,173,130,139,85,68,139,173,104,87,97,129,136,98,160,132
L0/17.jpg,Carne,26,20,175,132,139,79,67,139,175,103,89,96,131,139,97,160,135
L0/17.jpg,Carne,86,161,173,127,137,85,69,137,173,103,84,97,128,136,97,159,132
L0/17.jpg,Carne,66,77,173,131,142,86,69,142,173,106,88,99,131,136,100,161,132
L0/17.jpg,Carne,185,34,174,130,139,82,68,139,174,104,87,97,130,138,98,160,134
L0/17.jpg,Carne,173,160,173,123,126,79,65,126,173,96,81,90,124,136,91,156,131
L0/17.jpg,Reflejo,99,56,169,77,155,125,108,155,169,132,49,129,117,130,130,149,126
L0/17.jpg,Reflejo,184,6,172,94,158,115,100,158,172,129,59,125,123,134,125,153,129
L0/17.jpg,Reflejo,166,36,171,73,178,142,127,178,171,153,63,149,119,132,150,150,128
L0/28.jpg,Marbling,274,275,5,145,104,45,55,104,5,74,101,74,121,149,74,148,144
L0/28.jpg,Marbling,247,254,5,138,107,49,59,107,5,78,95,78,120,149,78,148,143
L0/28.jpg,Marbling,669,481,2,119,118,63,67,118,2,90,77,87,121,146,88,150,140
L0/28.jpg,Marbling,371,26,5,137,110,51,61,110,5,80,93,80,121,149,80,149,143
L0/28.jpg,Marbling,751,502,3,132,114,55,61,114,3,84,89,82,123,147,82,150,142
L0/28.jpg,Marbling,373,26,5,137,110,51,61,110,5,80,93,80,121,149,80,149,143
L0/28.jpg,Marbling,745,345,5,157,99,38,48,99,5,68,114,67,122,148,68,150,145
L0/28.jpg,Marbling,246,377,3,135,102,48,53,102,3,75,92,72,120,146,72,149,141
L0/28.jpg,Marbling,738,340,6,155,105,41,54,105,6,73,112,73,122,150,74,150,146
L0/28.jpg,Marbling,221,189,2,139,101,46,50,101,2,74,95,69,121,146,70,150,141
L0/28.jpg,Carne,134,286,2,171,85,28,32,85,2,57,129,51,121,145,52,152,143
L0/28.jpg,Carne,127,547,3,181,76,22,27,76,3,49,141,44,118,145,44,151,143
L0/28.jpg,Carne,27,103,5,214,74,12,22,74,5,43,184,40,120,146,40,152,147
L0/28.jpg,Carne,582,30,2,185,76,21,25,76,2,48,145,43,119,144,43,151,144
L0/28.jpg,Carne,783,28,3,185,88,24,31,88,3,56,146,52,124,147,53,153,146
L0/28.jpg,Carne,508,565,3,174,79,25,30,79,3,52,132,47,119,145,47,151,143
L0/28.jpg,Carne,780,577,3,192,85,21,27,85,3,53,154,48,123,146,48,154,146
L0/28.jpg,Carne,564,8,4,202,72,15,23,72,4,44,167,39,118,145,40,151,145
L0/28.jpg,Carne,302,407,5,194,84,20,31,84,5,52,157,50,122,148,51,152,148
L0/28.jpg,Carne,451,63,2,169,83,28,32,83,2,56,126,50,120,145,51,152,142
L0/28.jpg,Reflejo,404,211,1,140,91,41,43,91,1,66,97,61,119,144,61,149,140
L0/28.jpg,Reflejo,442,220,2,130,102,50,53,102,2,76,87,72,120,145,73,149,140
L0/28.jpg,Reflejo,531,272,2,133,102,49,52,102,2,76,90,71,120,145,72,150,140
L0/14.jpg,Marbling,694,496,1,84,121,81,82,121,1,101,50,99,114,142,100,144,135
L0/14.jpg,Marbling,723,437,178,106,118,72,69,118,178,94,67,89,119,141,90,149,135
L0/14.jpg,Marbling,190,96,177,112,134,81,75,134,177,104,72,99,124,141,100,154,135
L0/14.jpg,Marbling,105,229,178,123,108,59,56,108,178,82,81,77,121,142,77,151,136
L0/14.jpg,Marbling,672,28,178,92,127,84,81,127,178,104,56,101,118,141,101,148,134
L0/14.jpg,Marbling,381,509,179,107,122,73,71,122,179,96,67,92,121,142,92,150,136
L0/14.jpg,Marbling,352,513,0,104,150,89,89,150,0,120,65,114,126,145,114,153,139
L0/14.jpg,Marbling,367,384,178,112,128,76,72,128,178,100,71,95,123,142,95,152,136
L0/14.jpg,Marbling,553,589,178,116,110,63,60,110,178,85,75,80,120,141,81,150,136
L0/14.jpg,Marbling,379,278,177,123,116,66,60,116,177,88,81,83,123,140,83,153,136
L0/14.jpg,Carne,482,444,178,156,85,36,33,85,178,59,112,52,120,142,53,153,138
L0/14.jpg,Carne,24,137,178,142,90,43,40,90,178,65,98,59,119,141,59,151,137
L0/14.jpg,Carne,37,550,176,151,96,47,39,96,176,68,108,61,122,140,61,155,136
L0/14.jpg,Carne,585,435,178,147,85,39,36,85,178,61,103,54,118,141,54,151,137
L0/14.jpg,Carne,133,398,177,151,96,45,39,96,177,68,108,61,122,141,61,155,137
L0/14.jpg,Carne,44,575,177,155,94,43,37,94,177,66,111,59,122,141,59,155,137
L0/14.jpg,Carne,74,70,178,140,91,44,41,91,178,66,97,60,119,141,60,151,137
L0/14.jpg,Carne,276,488,177,168,102,42,35,102,177,68,125,62,128,142,62,159,139
L0/14.jpg,Carne,586,51,176,152,82,40,33,82,176,58,109,51,117,139,52,151,135
L0/14.jpg,Carne,266,151,178,149,87,40,36,87,178,62,106,55,119,141,55,152,137
L1/1.jpg,Marbling,568,481,173,54,169,142,133,169,172,151,44,150,112,134,151,143,128
L1/1.jpg,Marbling,788,390,177,75,200,147,141,200,177,171,89,164,124,140,165,151,134
L1/1.jpg,Marbling,94,568,178,62,218,169,165,218,178,192,106,185,120,140,186,148,134
L1/1.jpg,Marbling,785,21,174,64,164,131,123,164,174,144,47,142,114,136,142,145,130
L1/1.jpg,Marbling,98,296,177,76,219,160,154,219,177,187,121,178,126,141,179,153,135
L1/1.jpg,Marbling,75,285,177,88,201,139,132,201,177,167,99,159,129,141,159,155,135
L1/1.jpg,Marbling,86,574,178,63,218,168,164,218,178,191,108,184,121,141,185,149,134
L1/1.jpg,Marbling,336,521,177,83,221,156,149,221,177,185,131,175,130,141,176,156,135
L1/1.jpg,Marbling,630,33,178,102,152,95,91,152,178,122,64,116,126,142,116,154,136
L1/1.jpg,Marbling,98,577,178,59,220,172,169,220,178,195,107,188,119,141,189,147,134
L1/1.jpg,Carne,284,65,176,150,114,56,47,114,176,80,106,74,128,141,74,159,137
L1/1.jpg,Carne,753,574,179,146,89,40,38,89,179,64,102,57,120,142,58,152,138
L1/1.jpg,Carne,774,127,176,158,102,47,39,102,176,70,114,64,126,141,64,157,137
L1/1.jpg,Carne,384,15,177,157,109,49,42,109,177,76,113,69,128,142,69,158,139
L1/1.jpg,Carne,163,542,176,141,145,76,65,145,176,105,97,98,136,142,98,163,138
L1/1.jpg,Carne,70,72,175,130,133,76,65,133,175,99,88,93,129,139,93,158,135
L1/1.jpg,Carne,14,472,176,138,152,81,70,152,176,111,94,103,137,142,104,163,138
L1/1.jpg,Carne,275,13,177,148,121,58,51,121,177,86,104,79,130,143,80,159,139
L1/1.jpg,Carne,796,110,176,170,105,44,35,105,176,70,128,63,129,142,63,160,139
L1/1.jpg,Carne,11,531,176,132,157,87,76,157,176,116,89,109,136,141,109,163,137
L1/1.jpg,Reflejo,265,258,167,67,174,148,128,174,167,151,56,149,116,128,149,149,124
L1/1.jpg,Reflejo,408,294,171,109,148,104,85,148,171,116,69,112,125,132,112,157,128
L1/1.jpg,Reflejo,17,41,173,82,171,129,116,171,173,144,63,139,121,135,140,152,130
L1/27.jpg,Marbling,376,421,173,82,162,122,110,162,173,136,56,132,120,135,133,150,130
L1/27.jpg,Marbling,53,252,166,60,169,148,129,169,166,149,48,148,113,127,149,146,124
L1/27.jpg,Marbling,77,217,175,106,157,103,92,157,175,124,67,119,127,138,119,156,133
L1/27.jpg,Marbling,779,380,176,119,120,71,64,120,176,92,78,87,123,140,87,153,135
L1/27.jpg,Marbling,763,83,178,142,117,56,52,117,178,84,98,78,128,143,78,157,139
L1/27.jpg,Marbling,321,597,173,90,151,110,98,151,173,125,54,121,120,135,121,151,130
L1/27.jpg,Marbling,336,496,172,120,140,92,74,140,172,107,79,102,127,134,102,158,130
L1/27.jpg,Marbling,781,418,176,109,122,77,70,122,176,96,69,92,120,139,92,151,134
L1/27.jpg,Marbling,592,234,177,99,167,109,102,167,177,135,69,128,127,141,129,155,135
L1/27.jpg,Marbling,701,376,177,108,144,89,83,144,177,114,69,108,125,141,109,154,136
L1/27.jpg,Carne,158,166,177,156,111,50,43,111,177,77,113,70,129,142,71,159,139
L1/27.jpg,Carne,494,184,175,158,116,56,44,116,175,80,115,73,130,140,74,161,137
L1/27.jpg,Carne,703,54,178,148,95,44,40,95,178,68,104,61,122,142,61,154,138
L1/27.jpg,Carne,86,39,177,168,123,50,42,123,177,82,125,75,136,144,76,164,142
L1/27.jpg,Carne,195,544,176,169,121,52,41,121,176,81,126,74,135,142,74,164,140
L1/27.jpg,Carne,600,305,176,174,129,53,41,129,176,85,132,78,140,143,78,167,141
L1/27.jpg,Carne,787,507,179,138,74,35,34,74,179,54,94,48,113,141,48,147,136
L1/27.jpg,Carne,9,8,176,170,144,61,48,144,176,96,127,88,144,144,89,169,142
L1/27.jpg,Carne,7,293,176,1161,130,69,60,130,176,95,94,88,130,141,89,159,137
L1/27.jpg,Carne,449,10,177,163,114,48,41,114,177,78,120,70,132,143,71,161,141
L1/16.jpg,Marbling,453,214,3,155,102,40,46,102,3,71,111,67,124,147,68,152,144
L1/16.jpg,Marbling,684,206,3,140,109,49,55,109,3,79,97,76,123,147,77,151,143
L1/16.jpg,Marbling,123,539,2,124,111,57,61,111,2,84,82,81,121,146,81,149,140
L1/16.jpg,Marbling,29,438,5,131,115,56,66,115,5,86,88,85,121,149,86,148,143
L1/16.jpg,Marbling,297,38,3,168,94,32,38,94,3,63,125,59,123,147,59,153,145
L1/16.jpg,Marbling,650,62,2,140,100,45,49,100,2,72,97,68,121,145,69,151,141
L1/16.jpg,Marbling,616,506,3,139,119,54,61,119,3,86,96,84,126,149,84,153,144
L1/16.jpg,Marbling,711,210,3,145,104,45,51,104,3,74,101,71,122,147,72,151,142
L1/16.jpg,Marbling,310,47,3,177,92,28,35,92,3,60,136,56,124,147,56,154,145
L1/16.jpg,Marbling,666,449,6,181,103,30,45,103,6,66,140,67,126,151,67,153,150
L1/16.jpg,Carne,12,50,4,203,64,13,20,64,4,38,169,34,114,144,34,149,143
L1/16.jpg,Carne,170,576,4,196,74,17,25,74,4,46,160,42,118,145,42,150,146
L1/16.jpg,Carne,342,586,5,197,62,14,22,62,5,38,161,34,113,144,34,147,143
L1/16.jpg,Carne,15,375,4,216,72,11,19,72,4,42,187,37,119,145,38,152,146
L1/16.jpg,Carne,797,82,2,192,77,19,23,77,2,48,154,42,120,145,42,153,144
L1/16.jpg,Carne,789,49,10,224,41,5,17,41,10,23,200,20,104,142,20,138,138
L1/16.jpg,Carne,437,101,7,233,57,5,17,57,7,31,214,28,112,144,28,147,143
L1/16.jpg,Carne,10,570,3,211,70,12,18,70,3,41,180,36,118,144,36,152,144
L1/16.jpg,Carne,340,588,5,194,63,15,23,63,5,39,157,35,113,144,35,147,142
L1/16.jpg,Carne,428,75,4,207,58,11,17,58,4,34,174,29,112,143,29,148,141
L2/1.jpg,Marbling,331,325,0,77,209,146,146,209,0,178,104,170,126,145,170,152,138
L2/1.jpg,Marbling,32,164,177,88,198,137,130,198,177,164,95,156,128,141,157,155,135
L2/1.jpg,Marbling,498,584,178,134,189,96,90,189,178,140,109,129,147,148,129,168,144
L2/1.jpg,Marbling,776,46,179,111,174,101,98,174,179,136,81,128,134,145,128,159,140
L2/1.jpg,Marbling,606,265,179,104,191,116,113,191,179,152,97,143,135,146,144,159,140
L2/1.jpg,Marbling,13,3,176,118,196,117,105,196,176,151,111,140,141,142,141,165,138
L2/1.jpg,Marbling,694,534,179,116,192,108,105,192,179,149,104,138,140,147,139,163,142
L2/1.jpg,Marbling,378,54,177,124,167,94,86,167,177,126,82,118,136,143,119,162,139
L2/1.jpg,Marbling,339,328,0,78,204,142,142,204,0,173,96,166,126,145,166,151,138
L2/1.jpg,Marbling,469,348,1,100,186,113,115,186,1,150,88,142,131,148,143,156,141
L2/1.jpg,Carne,48,52,178,135,149,75,70,149,178,110,92,102,136,145,102,162,141
L2/1.jpg,Carne,421,579,177,162,146,63,53,146,177,100,119,91,143,145,92,168,143
L2/1.jpg,Carne,791,212,178,150,131,59,54,131,178,92,106,85,135,145,86,161,142
L2/1.jpg,Carne,647,576,177,167,145,60,50,145,177,98,124,89,144,146,90,169,144
L2/1.jpg,Carne,747,527,179,158,121,49,46,121,179,84,115,76,134,146,77,161,143
L2/1.jpg,Carne,233,571,177,148,121,58,51,121,177,86,104,79,130,143,80,159,139
L2/1.jpg,Carne,739,382,177,153,123,57,49,123,177,86,110,79,132,143,80,161,139
L2/1.jpg,Carne,207,215,179,132,120,60,58,120,179,89,89,83,127,144,83,155,139
L2/1.jpg,Carne,636,586,177,165,141,59,50,141,177,96,121,88,142,145,88,167,143
L2/1.jpg,Carne,476,11,177,150,124,58,51,124,177,88,106,80,132,143,81,160,140
L2/26.jpg,Marbling,72,250,1,52,167,133,134,167,1,150,41,150,111,141,150,140,133
L2/26.jpg,Marbling,779,117,179,50,173,140,139,173,179,156,44,155,112,140,156,141,132
L2/26.jpg,Marbling,369,531,178,78,111,79,77,111,178,94,46,93,112,139,93,143,132
L2/26.jpg,Marbling,55,28,177,66,158,121,117,158,177,138,44,136,115,139,136,145,132
L2/26.jpg,Marbling,523,31,176,84,125,89,84,125,176,104,50,102,115,138,103,146,132
L2/26.jpg,Marbling,716,527,179,64,183,139,137,183,179,160,62,156,117,141,157,146,134
L2/26.jpg,Marbling,28,132,177,61,151,118,115,151,178,133,38,132,113,139,133,143,132
L2/26.jpg,Marbling,646,56,176,80,131,95,90,131,176,110,47,108,115,138,109,146,132
L2/26.jpg,Marbling,245,23,176,69,148,113,108,148,176,128,40,126,114,138,127,145,132
L2/26.jpg,Marbling,798,297,175,81,151,111,103,151,175,127,48,124,118,137,125,148,131
L2/26.jpg,Carne,393,95,174,97,97,67,60,97,174,78,60,76,112,137,76,145,130
L2/26.jpg,Carne,10,455,175,93,118,82,75,118,175,96,57,94,116,137,94,147,132
L2/26.jpg,Carne,267,519,174,124,72,44,37,72,174,55,82,49,110,137,50,145,131
L2/26.jpg,Carne,14,520,170,112,75,53,42,75,170,59,72,55,109,134,55,145,128
L2/26.jpg,Carne,750,22,173,126,85,53,43,85,173,64,84,59,114,136,60,149,130
L2/26.jpg,Carne,761,575,178,122,130,72,68,130,178,99,80,93,126,143,94,155,138
L2/26.jpg,Carne,279,442,174,126,77,47,39,77,174,58,84,53,112,136,54,147,131
L2/26.jpg,Carne,764,295,179,102,115,71,69,115,179,92,64,88,118,141,88,148,135
L2/26.jpg,Carne,3,297,176,94,111,76,70,111,176,90,58,88,115,138,88,147,132
L2/26.jpg,Carne,754,10,172,132,83,51,40,83,172,62,89,56,114,135,57,149,130
L2/26.jpg,Reflejo,48,32,179,69,147,109,107,147,178,127,40,125,115,140,126,144,133
L2/27.jpg,Marbling,440,170,1,89,163,106,108,163,1,135,60,130,123,145,131,150,138
L2/27.jpg,Marbling,26,268,0,70,174,126,126,174,0,150,58,146,119,143,147,147,135
L2/27.jpg,Marbling,245,30,3,90,125,81,85,125,3,103,54,102,115,144,103,144,137
L2/27.jpg,Marbling,632,581,7,79,197,136,150,197,7,167,88,168,119,152,169,144,142
L2/27.jpg,Marbling,328,366,0,87,140,92,92,140,0,116,53,112,119,143,113,148,136
L2/27.jpg,Marbling,379,598,1,101,126,76,78,126,1,101,63,98,119,144,98,148,138
L2/27.jpg,Marbling,247,30,3,90,125,81,85,125,3,103,54,102,115,144,103,144,137
L2/27.jpg,Marbling,584,158,4,73,195,139,147,195,4,167,81,166,119,148,166,145,139
L2/27.jpg,Marbling,557,174,4,93,192,122,131,192,4,157,91,154,126,151,155,150,142
L2/27.jpg,Marbling,680,20,1,115,126,69,71,126,1,98,75,93,123,145,94,151,140
L2/27.jpg,Carne,3,350,0,140,84,38,38,84,0,61,96,55,117,142,55,149,138
L2/27.jpg,Carne,795,593,179,167,64,23,22,64,179,43,125,35,113,141,36,149,138
L2/27.jpg,Carne,699,185,1,168,85,29,31,85,1,57,125,51,121,144,51,153,142
L2/27.jpg,Carne,703,97,179,154,83,35,33,83,179,58,110,51,119,142,52,151,138
L2/27.jpg,Carne,175,100,179,139,77,36,35,77,179,56,96,50,115,141,50,148,136
L2/27.jpg,Carne,582,238,1,179,121,36,39,121,1,78,138,72,138,150,73,163,149
L2/27.jpg,Carne,493,265,1,178,119,36,39,119,1,78,137,71,137,149,72,163,149
L2/27.jpg,Carne,20,573,0,119,103,55,55,103,0,79,77,74,119,143,74,149,137
L2/27.jpg,Carne,656,378,0,164,104,37,37,104,0,70,121,63,129,146,64,158,144
L2/27.jpg,Carne,354,11,1,155,84,33,35,84,1,59,111,53,119,144,53,151,140
L3/1.jpg,Marbling,81,249,6,63,198,149,159,198,6,174,77,175,115,149,175,141,139
L3/1.jpg,Marbling,353,572,0,22,200,183,183,200,0,192,34,193,104,138,193,134,130
L3/1.jpg,Marbling,584,592,11,47,201,164,178,201,11,183,65,189,107,149,189,134,138
L3/1.jpg,Marbling,771,489,7,86,201,133,149,201,7,167,99,168,122,154,169,146,144
L3/1.jpg,Marbling,716,364,9,90,208,135,157,208,9,172,111,175,122,158,176,144,147
L3/1.jpg,Marbling,579,589,6,54,213,168,177,213,6,191,89,191,113,147,192,140,137
L3/1.jpg,Marbling,665,10,7,53,208,165,175,208,7,187,80,188,112,148,189,138,138
L3/1.jpg,Marbling,750,299,1,48,203,165,166,203,1,184,68,182,113,142,182,141,134
L3/1.jpg,Marbling,221,593,179,69,208,154,152,208,179,180,95,173,122,142,174,149,135
L3/1.jpg,Marbling,637,529,5,67,212,156,166,212,5,184,101,183,118,149,184,143,140
L3/1.jpg,Carne,13,271,177,138,198,102,91,198,177,145,123,133,151,146,134,172,143
L3/1.jpg,Carne,9,575,177,157,153,68,59,153,177,106,113,98,144,146,98,168,143
L3/1.jpg,Carne,44,7,176,161,171,77,63,171,176,117,118,108,152,145,108,173,143
L3/1.jpg,Carne,791,330,175,184,168,67,47,168,175,108,144,99,158,146,100,178,145
L3/1.jpg,Carne,53,15,176,168,150,64,51,150,176,100,126,92,146,145,93,170,143
L3/1.jpg,Carne,355,399,176,157,171,80,66,171,176,118,113,109,150,145,110,172,142
L3/1.jpg,Carne,462,168,176,147,177,89,75,177,176,126,103,116,148,144,117,171,141
L3/1.jpg,Carne,784,34,176,151,183,89,75,183,176,129,109,119,151,145,119,173,142
L3/1.jpg,Carne,720,581,176,134,202,110,96,202,176,149,128,137,150,144,138,171,140
L3/1.jpg,Carne,6,341,0,144,172,75,75,172,0,124,100,113,147,151,114,168,148
L3/12.jpg,Marbling,4,99,171,61,162,135,123,162,171,143,44,142,113,133,142,145,127
L3/12.jpg,Marbling,7,246,1,91,146,94,96,146,1,120,55,117,120,145,117,148,138
L3/12.jpg,Marbling,539,119,2,66,142,105,108,142,2,124,38,124,112,143,125,141,135
L3/12.jpg,Marbling,187,597,3,69,181,132,137,181,3,157,63,155,117,146,156,144,137
L3/12.jpg,Marbling,630,578,2,81,161,110,113,161,2,136,54,133,119,145,134,147,137
L3/12.jpg,Marbling,204,408,1,107,126,73,75,126,1,100,68,96,121,145,96,150,138
L3/12.jpg,Marbling,718,573,2,134,131,62,67,131,2,96,91,92,129,148,93,155,144
L3/12.jpg,Marbling,358,597,2,82,150,102,105,150,2,126,49,124,118,144,125,146,137
L3/12.jpg,Marbling,550,398,0,66,167,124,124,167,0,146,50,143,116,142,143,145,135
L3/12.jpg,Marbling,5,103,176,60,169,135,129,169,176,149,48,147,114,137,148,144,131
L3/12.jpg,Carne,22,21,0,174,95,30,30,95,0,63,133,55,127,145,55,158,144
L3/12.jpg,Carne,42,444,0,183,92,26,26,92,0,59,143,52,127,145,52,158,145
L3/12.jpg,Carne,415,591,0,170,93,31,31,93,0,62,127,55,126,145,55,157,143
L3/12.jpg,Carne,712,35,0,167,90,31,31,90,0,61,124,53,124,144,54,156,142
L3/12.jpg,Carne,749,15,1,173,106,34,36,106,1,70,131,64,131,147,64,159,146
L3/12.jpg,Carne,129,560,2,189,73,19,23,73,2,46,150,40,118,144,40,152,143
L3/12.jpg,Carne,719,512,1,197,114,26,29,114,1,70,160,64,139,150,65,165,152
L3/12.jpg,Carne,763,15,0,166,106,37,37,106,0,72,123,64,130,146,65,159,144
L3/12.jpg,Carne,491,587,0,180,99,29,29,99,0,64,139,57,130,146,57,160,146
L3/25.jpg,Marbling,154,182,1,77,116,81,82,116,1,98,45,98,112,141,98,142,134
L3/25.jpg,Marbling,99,440,3,66,131,97,100,131,3,114,38,115,111,142,116,140,134
L3/25.jpg,Marbling,462,140,3,61,129,98,101,129,3,114,35,115,109,142,116,139,134
L3/25.jpg,Marbling,729,500,1,57,99,77,78,99,1,88,32,90,106,140,90,137,132
L3/25.jpg,Marbling,463,140,3,61,129,98,101,129,3,114,35,115,109,142,116,139,134
L3/25.jpg,Marbling,481,443,3,55,131,103,106,131,3,117,31,120,108,142,120,137,133
L3/25.jpg,Marbling,235,41,5,60,128,98,103,128,5,113,34,117,108,143,117,137,135
L3/25.jpg,Marbling,218,592,4,61,121,92,96,121,4,106,35,109,108,142,110,137,134
L3/25.jpg,Marbling,223,109,2,68,120,88,90,120,2,104,39,105,110,142,105,140,134
L3/25.jpg,Marbling,490,437,178,56,133,106,104,133,178,119,31,119,109,139,120,140,131
L3/25.jpg,Carne,554,582,1,130,43,21,22,43,1,32,88,25,103,139,26,138,133
L3/25.jpg,Carne,691,176,3,139,57,26,29,57,3,42,95,37,107,141,37,141,136
L3/25.jpg,Carne,514,583,1,127,44,22,23,44,1,33,85,27,103,139,27,139,133
L3/25.jpg,Carne,615,33,4,106,77,45,49,77,4,61,67,60,109,142,60,140,136
L3/25.jpg,Carne,328,10,3,116,68,37,40,68,3,53,75,49,108,141,50,141,135
L3/25.jpg,Carne,382,264,3,136,58,27,30,58,3,43,93,38,107,141,38,142,136
L3/25.jpg,Carne,752,172,4,134,61,29,33,61,4,45,91,41,108,141,42,141,136
L3/25.jpg,Carne,622,14,4,118,67,36,40,67,4,52,77,49,108,142,50,140,136
L3/25.jpg,Carne,308,461,1,132,60,29,30,60,1,45,89,39,108,140,39,142,135
L3/25.jpg,Carne,92,53,2,150,63,26,28,63,2,45,106,39,110,141,39,145,137
L4/30.jpg,Marbling,355,194,179,40,200,170,169,200,179,185,56,183,110,140,184,139,132
L4/30.jpg,Marbling,249,548,1,49,189,153,154,189,1,171,55,170,112,142,170,141,133
L4/30.jpg,Marbling,625,471,0,45,197,162,162,197,0,180,59,177,112,141,178,141,133
L4/30.jpg,Marbling,51,85,3,73,168,120,125,168,3,144,55,143,117,146,144,144,137
L4/30.jpg,Marbling,654,72,3,39,171,145,147,171,2,158,34,160,107,141,161,137,132
L4/30.jpg,Marbling,282,335,3,68,168,123,128,168,3,146,52,146,115,145,146,143,137
L4/30.jpg,Marbling,22,578,4,92,203,130,140,203,4,167,105,163,127,152,164,151,143
L4/30.jpg,Marbling,759,446,2,80,187,128,132,187,2,158,77,154,123,147,154,149,139
L4/30.jpg,Marbling,47,95,8,62,168,127,138,168,8,148,49,152,111,148,153,138,138
L4/30.jpg,Marbling,766,516,0,80,194,133,133,194,0,164,85,157,125,145,157,152,138
L4/30.jpg,Carne,21,318,1,128,146,73,75,146,1,110,85,103,132,148,104,158,143
L4/30.jpg,Carne,653,307,0,124,140,72,72,140,0,106,82,99,130,146,100,157,141
L4/30.jpg,Carne,100,578,0,155,171,67,67,171,0,119,111,109,152,152,109,171,150
L4/30.jpg,Carne,19,13,2,133,92,44,47,92,2,68,90,64,117,144,65,148,139
L4/30.jpg,Carne,762,20,178,125,120,65,61,120,178,90,83,85,125,142,85,154,137
L4/30.jpg,Carne,475,308,179,125,135,71,69,135,179,102,82,95,129,145,96,156,139
L4/30.jpg,Carne,78,586,0,159,167,63,63,167,0,115,115,105,152,152,106,171,151
L4/30.jpg,Carne,362,314,0,137,138,64,64,138,0,101,93,93,134,147,94,159,143
L4/30.jpg,Carne,482,522,179,116,128,72,70,128,179,99,75,93,124,143,94,153,138
L4/30.jpg,Carne,486,60,0,125,131,67,67,131,0,99,82,93,128,146,93,155,141
L4/28.jpg,Marbling,224,140,178,56,133,106,104,133,178,119,31,119,109,139,120,140,131
L4/28.jpg,Marbling,28,406,177,84,106,75,71,106,177,88,50,87,112,138,87,143,132
L4/28.jpg,Marbling,738,378,0,51,119,95,95,119,0,107,29,108,107,139,109,138,132
L4/28.jpg,Marbling,17,359,177,76,118,86,83,118,177,100,44,99,112,139,100,143,132
L4/28.jpg,Marbling,370,109,178,61,121,94,92,121,178,106,35,107,109,139,107,140,131
L4/28.jpg,Marbling,590,76,179,65,114,86,85,114,179,100,37,99,109,139,100,140,132
L4/28.jpg,Marbling,456,585,178,62,120,93,91,120,178,106,35,106,109,139,106,140,131
L4/28.jpg,Marbling,778,533,178,60,127,99,97,127,178,112,34,112,110,139,113,140,132
L4/28.jpg,Marbling,408,508,178,58,128,101,99,128,178,114,33,114,109,139,115,140,131
L4/28.jpg,Marbling,539,271,0,61,101,77,77,101,0,89,34,89,107,139,90,138,132
L4/28.jpg,Carne,677,98,0,87,70,46,46,70,0,58,53,55,106,139,56,139,133
L4/28.jpg,Carne,136,582,178,123,62,34,32,62,178,47,81,41,108,139,42,143,133
L4/28.jpg,Carne,500,18,178,96,77,50,48,77,178,63,59,59,109,139,60,141,132
L4/28.jpg,Carne,44,59,176,107,69,44,40,69,176,55,68,50,108,137,51,142,131
L4/28.jpg,Carne,144,566,178,125,61,33,31,61,178,46,83,40,108,139,40,144,133
L4/28.jpg,Carne,764,134,0,93,66,42,42,66,0,54,57,50,106,139,51,139,133
L4/28.jpg,Carne,732,455,178,119,62,35,33,62,178,48,78,42,108,139,42,143,133
L4/28.jpg,Carne,289,379,178,114,65,38,36,65,178,51,73,46,108,139,46,142,132
L4/28.jpg,Carne,199,232,178,103,72,45,43,72,178,58,64,54,108,139,54,142,132
L4/28.jpg,Carne,89,117,178,109,68,41,39,68,178,54,69,49,108,139,50,142,133
L4/19.jpg,Marbling,118,363,7,97,165,102,117,165,7,134,66,136,120,153,137,145,144
L4/19.jpg,Marbling,425,164,5,92,161,103,113,161,5,132,60,133,120,150,133,146,141
L4/19.jpg,Marbling,8,281,6,107,203,118,135,203,6,161,115,160,131,157,160,152,148
L4/19.jpg,Marbling,748,24,5,97,152,94,104,152,5,123,60,124,120,150,124,146,141
L4/19.jpg,Marbling,380,524,4,120,163,86,97,163,4,124,79,123,130,153,123,154,146
L4/19.jpg,Marbling,38,579,6,83,172,116,127,172,6,144,64,146,118,150,146,144,141
L4/19.jpg,Marbling,752,21,5,94,160,101,111,160,5,131,60,131,120,150,132,146,141
L4/19.jpg,Marbling,8,294,7,101,199,120,139,199,7,160,105,161,127,157,162,148,147
L4/19.jpg,Marbling,644,466,3,125,161,82,90,161,3,122,83,118,133,152,118,156,145
L4/19.jpg,Marbling,136,10,6,91,198,127,141,198,6,163,98,162,124,154,163,148,144
L4/19.jpg,Carne,342,332,2,159,127,48,53,127,2,88,115,82,134,150,83,159,147
L4/19.jpg,Carne,588,9,3,157,73,28,33,73,3,51,114,46,114,144,47,146,140
L4/19.jpg,Carne,5,69,2,166,112,39,44,112,2,76,123,71,131,149,71,158,147
L4/19.jpg,Carne,5,559,2,153,117,47,51,117,2,82,109,77,130,148,77,157,144
L4/19.jpg,Carne,417,128,3,184,104,29,36,104,3,66,144,62,130,149,63,158,149
L4/19.jpg,Carne,765,559,2,210,62,11,14,62,2,36,178,29,115,142,30,151,141
L4/19.jpg,Carne,388,293,2,174,117,37,42,117,2,77,132,72,135,150,72,160,148
L4/19.jpg,Carne,13,78,2,150,114,47,51,114,2,80,106,76,128,147,76,155,144
L4/19.jpg,Carne,347,480,3,179,111,33,41,111,3,72,138,68,132,150,69,159,149
L4/19.jpg,Carne,154,593,3,133,150,72,80,150,3,111,90,107,132,151,108,156,146
L5/14.jpg,Marbling,599,205,178,91,129,86,83,129,178,106,55,103,118,141,103,148,134
L5/14.jpg,Marbling,170,138,2,62,144,109,111,144,2,127,35,127,111,142,128,141,134
L5/14.jpg,Marbling,517,426,176,77,129,95,90,129,176,110,45,108,114,138,109,145,132
L5/14.jpg,Marbling,92,578,179,77,183,130,128,183,179,156,70,150,122,142,151,150,136
L5/14.jpg,Marbling,749,537,175,65,146,115,109,146,175,128,37,127,113,137,127,144,130
L5/14.jpg,Marbling,486,538,176,65,160,125,119,160,176,140,45,138,115,137,138,145,131
L5/14.jpg,Marbling,345,364,177,4,173,171,170,173,170,172,5,178,98,136,178,129,128
L5/14.jpg,Marbling,121,98,0,77,152,106,106,152,0,129,47,126,118,143,126,146,135
L5/14.jpg,Marbling,777,546,177,49,172,142,139,172,177,156,42,155,111,138,156,141,131
L5/14.jpg,Marbling,473,396,177,56,142,114,111,142,177,127,31,127,110,138,127,141,131
L5/14.jpg,Carne,13,381,178,148,86,39,36,86,178,61,105,54,119,141,55,152,137
L5/14.jpg,Carne,439,245,175,140,82,44,37,82,175,60,96,54,116,138,54,150,133
L5/14.jpg,Carne,592,391,175,141,78,42,35,78,175,57,97,51,114,138,51,149,133
L5/14.jpg,Carne,701,9,179,143,75,34,33,75,179,54,99,47,114,141,48,148,136
L5/14.jpg,Carne,506,591,175,142,90,48,40,90,175,65,98,59,118,139,60,151,134
L5/14.jpg,Carne,653,365,175,166,66,30,23,66,175,44,123,37,113,138,38,149,134
L5/14.jpg,Carne,202,348,176,117,89,54,48,89,176,68,76,64,114,138,65,147,132
L5/14.jpg,Carne,411,27,175,128,100,58,50,100,175,75,85,70,119,138,70,152,133
L5/14.jpg,Carne,678,396,176,142,77,40,34,77,176,56,99,49,114,139,50,149,134
L5/14.jpg,Carne,230,18,1,132,108,52,54,108,1,80,89,75,123,145,76,151,140
L5/6.jpg,Marbling,593,376,0,57,212,165,165,212,0,189,90,183,118,143,184,145,135
L5/6.jpg,Marbling,102,92,10,53,202,160,174,202,10,181,72,186,110,150,187,136,139
L5/6.jpg,Marbling,21,569,5,46,199,163,169,199,5,181,62,182,110,145,183,138,135
L5/6.jpg,Marbling,230,23,0,86,155,103,103,155,0,129,53,125,121,143,125,149,137
L5/6.jpg,Marbling,769,189,3,47,189,154,158,189,3,172,53,172,110,143,173,139,134
L5/6.jpg,Marbling,646,63,179,50,199,161,160,199,179,180,66,176,114,141,177,143,133
L5/6.jpg,Marbling,225,19,1,80,163,112,114,163,1,138,55,135,120,144,135,147,137
L5/6.jpg,Marbling,784,13,1,75,183,129,131,183,1,156,70,152,121,145,153,148,137
L5/6.jpg,Marbling,773,407,1,55,196,154,155,196,1,175,67,172,115,142,173,143,134
L5/6.jpg,Marbling,532,548,178,73,218,160,156,218,178,187,116,179,125,142,180,152,135
L5/6.jpg,Carne,320,593,176,127,147,84,74,147,176,110,84,104,132,141,104,160,136
L5/6.jpg,Carne,10,364,0,104,133,79,79,133,0,106,65,101,122,144,102,150,138
L5/6.jpg,Carne,285,53,179,153,102,43,41,102,179,72,109,65,125,144,65,156,140
L5/6.jpg,Carne,771,120,177,154,134,61,53,134,177,94,110,86,137,144,86,163,141
L5/6.jpg,Carne,372,286,178,137,134,67,62,134,178,98,94,91,132,144,91,159,140
L5/6.jpg,Carne,778,555,179,112,141,81,79,141,179,110,72,104,127,144,105,154,138
L5/6.jpg,Carne,461,475,177,127,139,77,70,139,177,104,84,98,130,142,98,158,137
L5/6.jpg,Carne,25,459,178,117,135,77,73,135,178,104,76,98,126,143,99,155,137
L5/6.jpg,Carne,258,379,176,148,164,82,69,164,176,116,104,108,144,143,108,169,140
L5/6.jpg,Carne,69,214,178,141,165,80,74,165,178,120,97,110,143,147,111,166,143
L5/25.jpg,Marbling,738,290,5,47,173,141,146,173,5,157,42,160,109,143,160,137,134
L5/25.jpg,Marbling,314,463,1,76,168,118,120,168,1,143,57,140,119,144,141,146,137
L5/25.jpg,Marbling,30,61,0,67,174,128,128,174,0,151,56,148,118,142,148,146,135
L5/25.jpg,Marbling,601,15,1,68,158,116,117,158,1,137,45,135,115,142,136,144,135
L5/25.jpg,Marbling,30,62,0,67,175,129,129,175,0,152,57,149,118,142,149,146,135
L5/25.jpg,Marbling,290,368,2,73,184,131,135,184,2,158,69,155,119,146,156,146,138
L5/25.jpg,Marbling,562,583,2,62,194,147,150,194,2,171,71,168,117,144,169,144,136
L5/25.jpg,Marbling,516,161,2,71,168,121,124,168,2,145,54,143,117,144,143,145,136
L5/25.jpg,Marbling,90,164,1,75,164,116,117,164,1,140,53,137,118,143,138,146,136
L5/25.jpg,Marbling,696,221,2,71,129,93,95,129,2,111,41,111,112,142,112,141,135
L5/25.jpg,Carne,412,15,0,113,104,58,58,104,0,81,72,76,118,143,77,148,137
L5/25.jpg,Carne,720,557,1,127,104,52,54,104,1,78,85,73,120,144,74,150,139
L5/25.jpg,Carne,32,589,1,107,105,61,62,105,1,83,68,79,116,143,80,147,137
L5/25.jpg,Carne,351,533,2,114,107,59,62,107,2,83,74,80,118,144,80,148,138
L5/25.jpg,Carne,243,171,1,124,103,53,55,103,1,78,82,74,119,144,74,149,139
L5/25.jpg,Carne,406,1,0,110,107,61,61,107,0,84,70,80,118,143,80,148,137
L5/25.jpg,Carne,12,325,2,118,106,57,60,106,2,82,77,78,118,144,79,148,139
L5/25.jpg,Carne,774,355,178,122,115,64,60,115,178,88,80,82,122,142,83,152,136
L5/25.jpg,Carne,632,581,1,125,104,53,55,104,1,78,83,74,120,144,75,150,139
L5/25.jpg,Carne,65,458,2,115,106,58,61,106,2,82,75,79,118,144,80,147,138
L6/20.jpg,Marbling,58,364,179,47,140,115,114,140,179,127,26,128,108,139,129,139,131
L6/20.jpg,Marbling,509,229,178,49,152,125,123,152,178,138,31,138,109,139,139,140,131
L6/20.jpg,Marbling,41,100,178,51,149,121,119,149,178,134,32,134,110,139,135,140,131
L6/20.jpg,Marbling,259,542,176,41,136,117,114,136,176,125,22,127,106,137,128,137,130
L6/20.jpg,Marbling,647,582,175,47,135,114,110,135,175,123,26,124,107,137,125,139,129
L6/20.jpg,Marbling,222,548,1,43,130,108,109,130,1,119,24,122,106,140,122,136,132
L6/20.jpg,Marbling,623,25,178,62,120,93,91,120,178,106,35,106,109,139,106,140,131
L6/20.jpg,Marbling,768,425,177,40,142,122,120,142,177,131,23,133,106,138,134,137,130
L6/20.jpg,Marbling,701,8,178,54,138,111,109,138,178,124,30,124,109,139,125,140,131
L6/20.jpg,Marbling,427,533,176,57,129,104,100,129,176,115,32,115,109,137,116,140,130
L6/20.jpg,Carne,132,528,1,90,62,40,41,62,1,51,55,48,105,139,48,138,133
L6/20.jpg,Carne,503,583,176,89,83,58,54,83,176,68,54,66,109,137,66,142,131
L6/20.jpg,Carne,14,269,179,88,84,56,55,84,179,70,53,67,109,139,68,141,133
L6/20.jpg,Carne,691,68,178,78,95,68,66,95,178,80,46,79,109,139,80,141,132
L6/20.jpg,Carne,269,234,178,100,74,47,45,74,178,60,62,56,108,139,57,141,133
L6/20.jpg,Carne,92,11,178,88,87,59,57,87,178,72,53,70,109,139,70,142,132
L6/20.jpg,Carne,15,280,178,91,84,56,54,84,178,69,55,66,109,139,67,142,132
L6/20.jpg,Carne,677,82,178,81,91,64,62,91,178,76,48,75,109,139,75,141,132
L6/20.jpg,Carne,521,475,176,87,70,49,46,70,176,58,53,55,106,137,56,139,131
L6/20.jpg,Carne,772,306,176,78,82,60,57,82,176,70,46,68,107,137,69,139,131
L6/2.jpg,Marbling,77,213,1,82,203,138,140,203,1,171,98,164,126,146,164,152,139
L6/2.jpg,Marbling,269,557,6,49,217,175,184,217,6,196,91,197,111,147,197,138,137
L6/2.jpg,Marbling,777,387,8,57,184,143,154,184,8,164,57,168,110,148,168,137,138
L6/2.jpg,Marbling,675,34,6,57,209,162,172,209,6,186,86,187,114,148,187,140,138
L6/2.jpg,Marbling,134,27,3,76,175,123,128,175,3,149,63,148,119,146,148,145,138
L6/2.jpg,Marbling,596,266,4,68,211,155,162,211,4,183,99,180,119,148,181,145,139
L6/2.jpg,Marbling,776,546,8,44,205,170,179,205,8,188,66,191,108,146,191,136,136
L6/2.jpg,Marbling,756,557,4,39,211,179,183,211,4,195,68,195,109,143,196,137,134
L6/2.jpg,Marbling,562,341,4,74,192,136,144,192,4,164,78,163,119,148,164,145,139
L6/2.jpg,Marbling,393,549,1,72,191,137,139,191,1,164,76,160,121,145,160,147,137
L6/2.jpg,Carne,107,477,179,117,153,85,83,153,179,118,76,111,131,145,111,157,140
L6/2.jpg,Carne,111,275,1,114,150,83,85,150,1,116,73,111,129,147,111,155,141
L6/2.jpg,Carne,493,66,0,124,148,76,76,148,0,112,82,105,133,147,105,158,142
L6/2.jpg,Carne,9,447,0,114,148,82,82,148,0,115,73,108,129,146,109,155,140
L6/2.jpg,Carne,678,355,0,124,144,74,74,144,0,109,82,102,131,147,102,157,141
L6/2.jpg,Carne,531,16,0,124,148,76,76,148,0,112,82,105,133,147,105,158,142
L6/2.jpg,Carne,72,277,0,117,153,83,83,153,0,118,76,111,131,146,111,157,141
L6/2.jpg,Carne,281,546,6,71,155,112,120,155,6,134,45,136,113,147,137,140,138
L6/2.jpg,Carne,562,12,0,124,146,75,75,146,0,110,82,103,132,147,104,158,142
L6/2.jpg,Carne,770,347,0,124,144,74,74,144,0,109,82,102,131,147,102,157,141
L6/12.jpg,Marbling,189,180,5,89,167,109,118,167,5,138,63,138,120,149,139,146,141
L6/12.jpg,Marbling,58,520,4,82,180,122,130,180,4,151,71,150,120,149,151,146,140
L6/12.jpg,Marbling,700,121,5,69,170,124,132,170,5,147,54,149,114,147,149,141,138
L6/12.jpg,Marbling,760,533,4,90,155,100,108,155,4,128,55,128,119,148,128,146,140
L6/12.jpg,Marbling,323,194,3,92,193,123,130,193,3,158,92,154,127,150,155,151,142
L6/12.jpg,Marbling,670,24,3,97,150,93,99,150,3,122,60,120,121,147,121,148,140
L6/12.jpg,Marbling,314,505,2,82,178,121,125,178,2,150,69,146,122,146,147,148,138
L6/12.jpg,Marbling,89,253,3,86,190,126,132,190,3,158,84,154,124,148,155,150,140
L6/12.jpg,Marbling,274,15,5,75,195,138,147,195,5,167,82,166,119,149,166,145,140
L6/12.jpg,Marbling,31,199,4,82,178,121,128,178,4,150,69,148,120,148,149,146,139
L6/12.jpg,Carne,13,346,3,130,122,60,66,122,3,91,87,88,124,148,88,151,142
L6/12.jpg,Carne,477,7,3,142,108,48,54,108,3,78,98,75,123,147,75,151,143
L6/12.jpg,Carne,717,593,2,146,115,49,54,115,2,82,103,78,127,148,78,154,144
L6/12.jpg,Carne,15,589,5,150,107,44,55,107,5,76,106,75,122,150,75,150,145
L6/12.jpg,Carne,392,163,2,152,114,46,51,114,2,80,108,75,128,148,76,155,145
L6/12.jpg,Carne,765,34,2,147,83,35,38,83,2,59,104,54,117,144,54,149,140
L6/12.jpg,Carne,48,345,3,120,134,71,77,134,3,102,78,100,125,148,100,151,142
L6/12.jpg,Carne,392,235,5,149,118,49,61,118,5,84,105,83,126,151,83,152,146
L6/12.jpg,Carne,762,17,2,146,84,36,39,84,2,60,102,55,117,144,55,149,140
L6/12.jpg,Carne,707,568,3,151,110,45,51,110,3,78,107,74,126,148,74,154,144
L7/11.jpg,Marbling,330,360,176,73,139,105,99,139,176,119,43,117,114,137,118,145,131
L7/11.jpg,Marbling,154,309,174,27,151,138,135,151,174,143,18,147,103,136,147,135,129
L7/11.jpg,Marbling,652,412,174,65,157,125,117,157,174,137,43,136,114,136,136,145,130
L7/11.jpg,Marbling,60,178,176,43,149,127,124,149,176,137,27,138,107,137,139,138,130
L7/11.jpg,Marbling,471,94,176,69,151,116,110,151,176,131,42,129,115,137,129,145,131
L7/11.jpg,Marbling,218,47,177,42,171,146,143,171,177,157,36,158,109,138,158,139,130
L7/11.jpg,Marbling,166,533,170,65,117,97,87,117,170,102,38,102,109,133,103,142,127
L7/11.jpg,Marbling,727,260,173,79,162,124,112,162,173,137,54,134,119,135,134,149,129
L7/11.jpg,Marbling,17,567,172,82,112,86,76,112,172,94,49,93,112,134,93,145,128
L7/11.jpg,Marbling,617,553,165,14,146,142,138,146,165,142,9,148,100,134,149,132,127
L7/11.jpg,Carne,355,581,171,135,83,52,39,83,171,61,92,56,114,134,56,150,129
L7/11.jpg,Carne,588,111,173,143,89,51,39,89,173,64,100,58,118,136,59,152,131
L7/11.jpg,Carne,617,314,174,144,87,48,38,87,174,63,100,57,117,137,57,152,132
L7/11.jpg,Carne,205,461,175,126,103,61,52,103,175,78,84,72,119,138,73,152,133
L7/11.jpg,Carne,94,129,174,150,107,57,44,107,174,76,106,69,125,138,70,158,134
L7/11.jpg,Carne,42,8,173,121,84,53,44,84,173,64,80,59,113,136,60,148,130
L7/11.jpg,Carne,581,101,173,140,89,52,40,89,173,64,97,59,117,136,59,152,131
L7/11.jpg,Carne,29,589,172,121,76,50,40,76,172,58,79,53,111,135,54,146,129
L7/11.jpg,Carne,781,562,173,138,85,50,39,85,173,62,95,57,116,136,57,151,131
L7/11.jpg,Carne,767,12,174,131,103,61,50,103,174,76,88,71,120,137,72,153,132
L7/15.jpg,Marbling,160,459,0,93,126,80,80,126,0,103,57,99,118,143,100,147,136
L7/15.jpg,Marbling,438,569,0,94,125,79,79,125,0,102,58,98,118,143,99,147,136
L7/15.jpg,Marbling,704,125,179,72,149,108,107,149,179,128,42,126,116,141,126,145,134
L7/15.jpg,Marbling,13,224,0,78,130,90,90,130,0,110,46,108,115,142,108,145,135
L7/15.jpg,Marbling,442,565,1,91,131,84,86,131,1,108,56,105,118,144,106,147,137
L7/15.jpg,Marbling,604,265,0,84,121,81,81,121,0,101,50,98,115,142,99,145,135
L7/15.jpg,Marbling,642,577,179,95,118,76,74,118,179,96,58,93,117,141,93,147,135
L7/15.jpg,Marbling,8,216,0,78,131,91,91,131,0,111,46,109,115,142,109,144,135
L7/15.jpg,Marbling,309,20,179,84,139,95,93,139,179,116,51,113,118,141,113,147,135
L7/15.jpg,Marbling,133,23,0,76,134,94,94,134,0,114,45,112,115,142,112,144,134
L7/15.jpg,Carne,778,476,0,165,71,25,25,71,0,48,122,40,116,142,41,150,139
L7/15.jpg,Carne,29,393,1,169,77,26,28,77,1,52,126,45,118,143,46,151,141
L7/15.jpg,Carne,254,299,0,162,63,23,23,63,0,43,119,35,112,141,36,147,138
L7/15.jpg,Carne,35,549,1,173,84,27,29,84,1,56,131,49,122,144,50,153,143
L7/15.jpg,Carne,38,35,179,156,75,31,29,75,179,52,113,45,116,141,46,150,137
L7/15.jpg,Carne,742,509,179,160,67,26,25,67,179,46,116,39,113,141,39,148,137
L7/15.jpg,Carne,731,592,0,167,61,21,21,61,0,41,124,33,112,141,33,148,138
L7/15.jpg,Carne,366,315,179,165,65,24,23,65,179,44,122,36,113,141,36,150,137
L7/15.jpg,Carne,27,31,179,141,83,39,37,83,179,60,98,54,117,141,54,149,137
L7/15.jpg,Carne,739,89,0,152,69,28,28,69,0,49,108,41,113,141,42,147,137
L7/30.jpg,Marbling,394,489,1,95,180,113,115,180,1,147,79,140,128,147,141,153,140
L7/30.jpg,Marbling,551,59,4,46,187,153,158,187,4,170,51,172,109,144,172,138,135
L7/30.jpg,Marbling,226,104,4,84,170,114,121,170,4,142,63,141,120,148,142,146,139
L7/30.jpg,Marbling,366,496,2,92,164,105,109,164,2,135,62,131,123,147,132,149,139
L7/30.jpg,Marbling,728,596,2,65,188,140,143,188,2,164,67,162,117,144,162,145,136
L7/30.jpg,Marbling,300,590,1,80,191,131,133,191,1,161,81,156,124,146,156,150,138
L7/30.jpg,Marbling,48,586,2,67,182,134,137,182,2,158,63,156,117,144,156,145,136
L7/30.jpg,Marbling,738,99,2,72,184,132,136,184,2,158,68,156,119,146,156,146,137
L7/30.jpg,Marbling,229,104,3,86,171,113,119,171,3,142,65,140,121,148,141,148,139
L7/30.jpg,Marbling,730,597,2,68,185,136,139,185,2,161,66,158,118,145,159,145,137
L7/30.jpg,Carne,121,54,179,132,147,73,71,147,179,109,89,101,135,146,102,160,142
L7/30.jpg,Carne,129,155,0,134,141,67,67,141,0,104,91,96,134,147,97,159,143
L7/30.jpg,Carne,699,492,0,136,141,66,66,141,0,104,92,96,134,147,96,160,143
L7/30.jpg,Carne,93,594,1,134,158,75,78,158,1,116,91,109,138,150,110,161,145
L7/30.jpg,Carne,109,78,0,125,147,75,75,147,0,111,83,104,133,147,104,158,142
L7/30.jpg,Carne,19,293,0,122,146,76,76,146,0,111,80,104,131,146,104,157,141
L7/30.jpg,Carne,334,277,0,130,145,71,71,145,0,108,87,100,134,147,101,159,142
L7/30.jpg,Carne,758,300,179,134,145,71,69,145,179,107,91,99,135,146,100,160,142
L7/30.jpg,Carne,117,75,0,126,146,74,74,146,0,110,83,103,133,147,103,158,142
L7/30.jpg,Carne,249,543,178,139,132,65,60,132,178,96,96,89,132,144,89,159,140
